DROP TABLE GIFT;
DROP TABLE INFORM;
DROP TABLE GIFTBOX;
DROP TABLE CLUB_REP;
DROP TABLE CHAT;
DROP TABLE CLUB_POST_MESSAGE;
DROP TABLE CLUB_POST;
DROP TABLE CLUB_MEM;
DROP TABLE CLUB;
DROP TABLE FRIEND;
DROP TABLE POINT_REC;
DROP TABLE SALE_DETAIL;
DROP TABLE SALE;
DROP TABLE SALE_TYPE;
DROP TABLE ORDER_DETAIL;
DROP TABLE ORDER_MASTER;
DROP TABLE PRODUCT;
DROP TABLE MEETUP_REP;
DROP TABLE MEETUP_LIKE;
DROP TABLE MEETUP_CHAT;
DROP TABLE MEETUP_MEM;
DROP TABLE MEETUP;
DROP TABLE LIVE_LIKE;
DROP TABLE LIVE_REP;
DROP TABLE LIVE_CHAT;
DROP TABLE AD;
DROP TABLE FILEREC;
DROP TABLE LIVE;
DROP TABLE PAIR_REC;
DROP TABLE PAIR_QUEST;
DROP TABLE TOPIC;
DROP TABLE STICK;
DROP TABLE POST_MESSAGE;
DROP TABLE POST;
DROP TABLE CHECK_IN;
DROP TABLE MEM_HOBBY;
DROP TABLE HOBBY;
DROP TABLE MEM;
DROP TABLE EMP_AUTH;
DROP TABLE AUTH;
DROP TABLE EMP;
DROP SEQUENCE auth_seq;
DROP SEQUENCE gift_rec_seq;
DROP SEQUENCE inform_seq;
DROP SEQUENCE emp_seq;
DROP SEQUENCE mem_seq;
DROP SEQUENCE point_rec_seq;
DROP SEQUENCE sale_seq;
DROP SEQUENCE sale_type_seq;
DROP SEQUENCE product_seq;
DROP SEQUENCE order_master_seq;
DROP SEQUENCE CLUB_REP_seq;
DROP SEQUENCE CHAT_seq;
DROP SEQUENCE club_seq;
DROP SEQUENCE CLUB_POST_MESSAGE_seq;
DROP SEQUENCE CLUB_POST_seq;
DROP SEQUENCE meetup_seq;
DROP SEQUENCE meetup_chat_seq;
DROP SEQUENCE meetup_rep_seq;
DROP SEQUENCE live_rep_seq;
DROP SEQUENCE live_chat_seq;
DROP SEQUENCE ad_seq;
DROP SEQUENCE filer_seq;
DROP SEQUENCE check_in_seq;
DROP SEQUENCE pair_rec_seq;
DROP SEQUENCE post_seq;
DROP SEQUENCE post_msg_seq;
DROP SEQUENCE stick_seq;
DROP SEQUENCE topic_seq;
DROP SEQUENCE pair_quest_seq;
DROP SEQUENCE mem_hobby_seq;

ALTER SESSION SET NLS_DATE_FORMAT = 'YYYY-MM-DD';
ALTER SESSION SET NLS_TIMESTAMP_FORMAT = 'YYYY-MM-DD HH:MI:SS.FF';

--------------------------------------------------------
--  for Table MEMBER
--------------------------------------------------------
CREATE TABLE MEM (
  MEM_ID          VARCHAR2(20) NOT NULL, 
  MEM_PW          VARCHAR2(30) NOT NULL, 
  MEM_NAME        VARCHAR2(30), 
  MEM_ACC         VARCHAR2(30) NOT NULL,
  MEM_NICKNAME    VARCHAR2(30 char),
  MEM_BDAY        DATE,
  MEM_EMAIL       VARCHAR2(30) NOT NULL,
  MEM_PHO         VARCHAR2(20),
  MEM_GEND        VARCHAR2(10 char),
  MEM_PIC         BLOB,
  MEM_INTRO       VARCHAR2(1000 char),
  MEM_CODE        NUMBER(20) NOT NULL,
  MEM_STATE       NUMBER(1) NOT NULL,
  MEM_DATE        DATE NOT NULL,
  MEM_SIGN_DAY    TIMESTAMP,
  MEM_LOGIN_STATE NUMBER(1),
  MEM_ADDRESS     VARCHAR2(100 char),
  LAST_PAIR       TIMESTAMP,
  MEM_HOBBY       VARCHAR2(100 char),
  MEM_QRCODE      BLOB,
  MEM_GET_POINT   NUMBER(20),
  CONSTRAINT MEM_PK PRIMARY KEY (MEM_ID));

CREATE SEQUENCE mem_seq
INCREMENT BY 1
START WITH 1
NOMAXVALUE
NOCYCLE
NOCACHE; 

Insert into MEM 
  (MEM_ID,MEM_PW,MEM_NAME,MEM_ACC,MEM_NICKNAME,
   MEM_BDAY,MEM_EMAIL,MEM_PHO,MEM_GEND,MEM_PIC,
   MEM_INTRO,MEM_CODE,MEM_STATE,MEM_DATE,MEM_SIGN_DAY,
   MEM_LOGIN_STATE,MEM_ADDRESS,LAST_PAIR,MEM_HOBBY,MEM_QRCODE,MEM_GET_POINT )
values
  ('M'||LPAD(to_char(mem_seq.NEXTVAL), 6, '0'),'12345678','湯姆','tom','tom',
   TO_DATE('1988-02-04','YYYY-MM-DD'),'bell0901tw@gmail.com','0934034712','男性',null,
   '湯姆',111,1,TO_DATE('2018-10-10','YYYY-MM-DD'),TO_TIMESTAMP('2019-1-1 22:30:30.0', 'syyyy-mm-dd hh24:mi:ss.ff'),
   1,'台北市松山區南京東路四段2號',TO_TIMESTAMP('2019-1-1 22:30:30.0', 'syyyy-mm-dd hh24:mi:ss.ff'),'打LOL',null,100);
   
Insert into MEM 
  (MEM_ID,MEM_PW,MEM_NAME,MEM_ACC,MEM_NICKNAME,
   MEM_BDAY,MEM_EMAIL,MEM_PHO,MEM_GEND,MEM_PIC,
   MEM_INTRO,MEM_CODE,MEM_STATE,MEM_DATE,MEM_SIGN_DAY,
   MEM_LOGIN_STATE,MEM_ADDRESS,LAST_PAIR,MEM_HOBBY,MEM_QRCODE,MEM_GET_POINT )
values
  ('M'||LPAD(to_char(mem_seq.NEXTVAL), 6, '0'),'12345678','志明','Jinming','Jinming',
   TO_DATE('1989-07-19','YYYY-MM-DD'),'bell0902tw@gmail.com','0921514517','男性',null,
   '志明',111,1,TO_DATE('2018-11-10','YYYY-MM-DD'),TO_TIMESTAMP('2018-11-12 0:0:0.0', 'syyyy-mm-dd hh24:mi:ss.ff'),
   1,'台北市松山區八德路三段27號',TO_TIMESTAMP('2019-1-1 0:0:0.0', 'syyyy-mm-dd hh24:mi:ss.ff'),'打LOL',null,100);

Insert into MEM 
  (MEM_ID,MEM_PW,MEM_NAME,MEM_ACC,MEM_NICKNAME,
   MEM_BDAY,MEM_EMAIL,MEM_PHO,MEM_GEND,MEM_PIC,
   MEM_INTRO,MEM_CODE,MEM_STATE,MEM_DATE,MEM_SIGN_DAY,
   MEM_LOGIN_STATE,MEM_ADDRESS,LAST_PAIR,MEM_HOBBY,MEM_QRCODE,MEM_GET_POINT )
values
  ('M'||LPAD(to_char(mem_seq.NEXTVAL), 6, '0'),'12345678','春嬌','ChunJiao','ChunJiao',
   TO_DATE('1992-02-04','YYYY-MM-DD'),'bell0903tw@gmail.com','0989279079','女性',null,
   '春嬌',111,1,TO_DATE('2018-11-07','YYYY-MM-DD'),TO_TIMESTAMP('2018-11-12 0:0:0.0', 'syyyy-mm-dd hh24:mi:ss.ff'),
   1,'台北市松山區北寧路66號',TO_TIMESTAMP('2019-1-1 0:0:0.0', 'syyyy-mm-dd hh24:mi:ss.ff'),'打LOL',null,100);

Insert into MEM 
  (MEM_ID,MEM_PW,MEM_NAME,MEM_ACC,MEM_NICKNAME,
   MEM_BDAY,MEM_EMAIL,MEM_PHO,MEM_GEND,MEM_PIC,
   MEM_INTRO,MEM_CODE,MEM_STATE,MEM_DATE,MEM_SIGN_DAY,
   MEM_LOGIN_STATE,MEM_ADDRESS,LAST_PAIR,MEM_HOBBY,MEM_QRCODE,MEM_GET_POINT )
values
  ('M'||LPAD(to_char(mem_seq.NEXTVAL), 6, '0'),'12345678','安妮','Annie','Annie',
   TO_DATE('1993-03-17','YYYY-MM-DD'),'bell0904tw@gmail.com','0970607706','女性',null,
   '安妮',111,1,TO_DATE('2018-11-01','YYYY-MM-DD'),TO_TIMESTAMP('2018-11-12 0:0:0.0', 'syyyy-mm-dd hh24:mi:ss.ff'),
   1,'台北市松山區延吉街27-1號1樓',TO_TIMESTAMP('2019-1-1 0:0:0.0', 'syyyy-mm-dd hh24:mi:ss.ff'),'打LOL',null,100);  

Insert into MEM 
  (MEM_ID,MEM_PW,MEM_NAME,MEM_ACC,MEM_NICKNAME,
   MEM_BDAY,MEM_EMAIL,MEM_PHO,MEM_GEND,MEM_PIC,
   MEM_INTRO,MEM_CODE,MEM_STATE,MEM_DATE,MEM_SIGN_DAY,
   MEM_LOGIN_STATE,MEM_ADDRESS,LAST_PAIR,MEM_HOBBY,MEM_QRCODE,MEM_GET_POINT )
values
  ('M'||LPAD(to_char(mem_seq.NEXTVAL), 6, '0'),'12345678','茱蒂','Judy','Judy',
   TO_DATE('1990-04-12','YYYY-MM-DD'),'bell0905tw@gmail.com','0933818818','女性',null,
   '茱蒂',111,1,TO_DATE('2018-10-27','YYYY-MM-DD'),TO_TIMESTAMP('2018-11-12 0:0:0.0', 'syyyy-mm-dd hh24:mi:ss.ff'),
   1,'台北市信義區基隆路二段22號',TO_TIMESTAMP('2019-1-1 0:0:0.0', 'syyyy-mm-dd hh24:mi:ss.ff'),'打LOL',null,100);
   
Insert into MEM 
  (MEM_ID,MEM_PW,MEM_NAME,MEM_ACC,MEM_NICKNAME,
   MEM_BDAY,MEM_EMAIL,MEM_PHO,MEM_GEND,MEM_PIC,
   MEM_INTRO,MEM_CODE,MEM_STATE,MEM_DATE,MEM_SIGN_DAY,
   MEM_LOGIN_STATE,MEM_ADDRESS,LAST_PAIR,MEM_HOBBY,MEM_QRCODE,MEM_GET_POINT )
values
  ('M'||LPAD(to_char(mem_seq.NEXTVAL), 6, '0'),'12345678','艾達','Ada','Ada',
   TO_DATE('1996-09-17','YYYY-MM-DD'),'bell0906tw@gmail.com','0972130830','女性',null,
   '艾達',111,1,TO_DATE('2018-10-07','YYYY-MM-DD'),TO_TIMESTAMP('2018-11-12 0:0:0.0', 'syyyy-mm-dd hh24:mi:ss.ff'),
   1,'台北市信義區松仁路162號164號1樓',TO_TIMESTAMP('2019-1-1 0:0:0.0', 'syyyy-mm-dd hh24:mi:ss.ff'),'打LOL',null,100);
   
Insert into MEM 
  (MEM_ID,MEM_PW,MEM_NAME,MEM_ACC,MEM_NICKNAME,
   MEM_BDAY,MEM_EMAIL,MEM_PHO,MEM_GEND,MEM_PIC,
   MEM_INTRO,MEM_CODE,MEM_STATE,MEM_DATE,MEM_SIGN_DAY,
   MEM_LOGIN_STATE,MEM_ADDRESS,LAST_PAIR,MEM_HOBBY,MEM_QRCODE,MEM_GET_POINT )
values
  ('M'||LPAD(to_char(mem_seq.NEXTVAL), 6, '0'),'12345678','貝拉','Belle','Belle',
   TO_DATE('1997-07-27','YYYY-MM-DD'),'bell0907tw@gmail.com','0911245245','女性',null,
   '貝拉',111,1,TO_DATE('2018-10-14','YYYY-MM-DD'),TO_TIMESTAMP('2018-11-12 0:0:0.0', 'syyyy-mm-dd hh24:mi:ss.ff'),
   1,'台北市信義區松德路127號129號1樓',TO_TIMESTAMP('2019-1-1 0:0:0.0', 'syyyy-mm-dd hh24:mi:ss.ff'),'打LOL',null,100);   
   
Insert into MEM 
  (MEM_ID,MEM_PW,MEM_NAME,MEM_ACC,MEM_NICKNAME,
   MEM_BDAY,MEM_EMAIL,MEM_PHO,MEM_GEND,MEM_PIC,
   MEM_INTRO,MEM_CODE,MEM_STATE,MEM_DATE,MEM_SIGN_DAY,
   MEM_LOGIN_STATE,MEM_ADDRESS,LAST_PAIR,MEM_HOBBY,MEM_QRCODE,MEM_GET_POINT )
values
  ('M'||LPAD(to_char(mem_seq.NEXTVAL), 6, '0'),'12345678','卡拉','Cara','Cara',
   TO_DATE('1994-02-24','YYYY-MM-DD'),'bell0908tw@gmail.com','0910612912','女性',null,
   '卡拉',111,1,TO_DATE('2018-10-28','YYYY-MM-DD'),TO_TIMESTAMP('2018-11-12 0:0:0.0', 'syyyy-mm-dd hh24:mi:ss.ff'),
   1,'台北市萬華區萬大路495號497號',TO_TIMESTAMP('2019-1-1 0:0:0.0', 'syyyy-mm-dd hh24:mi:ss.ff'),'打LOL',null,100); 

Insert into MEM 
  (MEM_ID,MEM_PW,MEM_NAME,MEM_ACC,MEM_NICKNAME,
   MEM_BDAY,MEM_EMAIL,MEM_PHO,MEM_GEND,MEM_PIC,
   MEM_INTRO,MEM_CODE,MEM_STATE,MEM_DATE,MEM_SIGN_DAY,
   MEM_LOGIN_STATE,MEM_ADDRESS,LAST_PAIR,MEM_HOBBY,MEM_QRCODE,MEM_GET_POINT )
values
  ('M'||LPAD(to_char(mem_seq.NEXTVAL), 6, '0'),'12345678','朵拉','Dora','Dora',
   TO_DATE('1996-06-19','YYYY-MM-DD'),'bell0909tw@gmail.com','0937757272','女性',null,
   '朵拉',111,1,TO_DATE('2018-10-30','YYYY-MM-DD'),TO_TIMESTAMP('2018-11-12 0:0:0.0', 'syyyy-mm-dd hh24:mi:ss.ff'),
   1,'台北市萬華區昆明街81號83號',TO_TIMESTAMP('2019-1-1 0:0:0.0', 'syyyy-mm-dd hh24:mi:ss.ff'),'打LOL',null,100);

Insert into MEM 
  (MEM_ID,MEM_PW,MEM_NAME,MEM_ACC,MEM_NICKNAME,
   MEM_BDAY,MEM_EMAIL,MEM_PHO,MEM_GEND,MEM_PIC,
   MEM_INTRO,MEM_CODE,MEM_STATE,MEM_DATE,MEM_SIGN_DAY,
   MEM_LOGIN_STATE,MEM_ADDRESS,LAST_PAIR,MEM_HOBBY,MEM_QRCODE,MEM_GET_POINT )
values
  ('M'||LPAD(to_char(mem_seq.NEXTVAL), 6, '0'),'12345678','艾倫','Alan','Alan',
   TO_DATE('1997-09-27','YYYY-MM-DD'),'bell0910tw@gmail.com','0980878756','男性',null,
   '艾倫',111,1,TO_DATE('2018-11-03','YYYY-MM-DD'),TO_TIMESTAMP('2018-11-12 0:0:0.0', 'syyyy-mm-dd hh24:mi:ss.ff'),
   1,'台北市萬華區寶興街43號45號1樓',TO_TIMESTAMP('2019-1-1 0:0:0.0', 'syyyy-mm-dd hh24:mi:ss.ff'),'打LOL',null,100);
   
Insert into MEM 
  (MEM_ID,MEM_PW,MEM_NAME,MEM_ACC,MEM_NICKNAME,
   MEM_BDAY,MEM_EMAIL,MEM_PHO,MEM_GEND,MEM_PIC,
   MEM_INTRO,MEM_CODE,MEM_STATE,MEM_DATE,MEM_SIGN_DAY,
   MEM_LOGIN_STATE,MEM_ADDRESS,LAST_PAIR,MEM_HOBBY,MEM_QRCODE,MEM_GET_POINT )
values
  ('M'||LPAD(to_char(mem_seq.NEXTVAL), 6, '0'),'12345678','巴里','Barry','Barry',
   TO_DATE('1998-11-27','YYYY-MM-DD'),'nike0901tw@gmail.com','0925287716','男性',null,
   '巴里',111,1,TO_DATE('2018-11-05','YYYY-MM-DD'),TO_TIMESTAMP('2018-11-12 0:0:0.0', 'syyyy-mm-dd hh24:mi:ss.ff'),
   1,'台北市中正區許昌街17號1樓',TO_TIMESTAMP('2019-1-1 0:0:0.0', 'syyyy-mm-dd hh24:mi:ss.ff'),'打LOL',null,100);
   
Insert into MEM 
  (MEM_ID,MEM_PW,MEM_NAME,MEM_ACC,MEM_NICKNAME,
   MEM_BDAY,MEM_EMAIL,MEM_PHO,MEM_GEND,MEM_PIC,
   MEM_INTRO,MEM_CODE,MEM_STATE,MEM_DATE,MEM_SIGN_DAY,
   MEM_LOGIN_STATE,MEM_ADDRESS,LAST_PAIR,MEM_HOBBY,MEM_QRCODE,MEM_GET_POINT )
values
  ('M'||LPAD(to_char(mem_seq.NEXTVAL), 6, '0'),'12345678','凱希','Cash','Cash',
   TO_DATE('1987-10-20','YYYY-MM-DD'),'nike0902tw@gmail.com','0933939983','男性',null,
   '凱希',111,1,TO_DATE('2018-11-01','YYYY-MM-DD'),TO_TIMESTAMP('2018-11-12 0:0:0.0', 'syyyy-mm-dd hh24:mi:ss.ff'),
   1,'台北市中正區林森南路12號',TO_TIMESTAMP('2019-1-1 0:0:0.0', 'syyyy-mm-dd hh24:mi:ss.ff'),'打LOL',null,100);

Insert into MEM 
  (MEM_ID,MEM_PW,MEM_NAME,MEM_ACC,MEM_NICKNAME,
   MEM_BDAY,MEM_EMAIL,MEM_PHO,MEM_GEND,MEM_PIC,
   MEM_INTRO,MEM_CODE,MEM_STATE,MEM_DATE,MEM_SIGN_DAY,
   MEM_LOGIN_STATE,MEM_ADDRESS,LAST_PAIR,MEM_HOBBY,MEM_QRCODE,MEM_GET_POINT )
values
  ('M'||LPAD(to_char(mem_seq.NEXTVAL), 6, '0'),'12345678','迪夫','Dave','Dave',
   TO_DATE('1991-02-04','YYYY-MM-DD'),'nike0903tw@gmail.com','0928080180','男性',null,
   '迪夫',111,1,TO_DATE('2018-10-27','YYYY-MM-DD'),TO_TIMESTAMP('2018-11-12 0:0:0.0', 'syyyy-mm-dd hh24:mi:ss.ff'),
   1,'台北市南港區中坡南路47號1樓',TO_TIMESTAMP('2019-1-1 0:0:0.0', 'syyyy-mm-dd hh24:mi:ss.ff'),'打LOL',null,100);
  

------------------------------------------
--興趣表格
------------------------------------------
CREATE TABLE HOBBY(
HOBBY_ID VARCHAR2(20) NOT NULL,
HOBBY_NAME VARCHAR2(20 char),
CONSTRAINT HOBBY_PK PRIMARY KEY (HOBBY_ID)
);
CREATE SEQUENCE mem_hobby_seq
INCREMENT BY 1
START WITH 1
NOMAXVALUE
NOCYCLE
NOCACHE;

Insert into HOBBY(HOBBY_ID,HOBBY_NAME)values('H'||LPAD(to_char(mem_hobby_seq.NEXTVAL), 5, '0'),'看電影');
Insert into HOBBY(HOBBY_ID,HOBBY_NAME)values('H'||LPAD(to_char(mem_hobby_seq.NEXTVAL), 5, '0'),'聽音樂');
Insert into HOBBY(HOBBY_ID,HOBBY_NAME)values('H'||LPAD(to_char(mem_hobby_seq.NEXTVAL), 5, '0'),'健身');
Insert into HOBBY(HOBBY_ID,HOBBY_NAME)values('H'||LPAD(to_char(mem_hobby_seq.NEXTVAL), 5, '0'),'旅遊');
Insert into HOBBY(HOBBY_ID,HOBBY_NAME)values('H'||LPAD(to_char(mem_hobby_seq.NEXTVAL), 5, '0'),'享受美食');
Insert into HOBBY(HOBBY_ID,HOBBY_NAME)values('H'||LPAD(to_char(mem_hobby_seq.NEXTVAL), 5, '0'),'玩手遊');
Insert into HOBBY(HOBBY_ID,HOBBY_NAME)values('H'||LPAD(to_char(mem_hobby_seq.NEXTVAL), 5, '0'),'逛街');
Insert into HOBBY(HOBBY_ID,HOBBY_NAME)values('H'||LPAD(to_char(mem_hobby_seq.NEXTVAL), 5, '0'),'畫畫');
Insert into HOBBY(HOBBY_ID,HOBBY_NAME)values('H'||LPAD(to_char(mem_hobby_seq.NEXTVAL), 5, '0'),'打LOL');
Insert into HOBBY(HOBBY_ID,HOBBY_NAME)values('H'||LPAD(to_char(mem_hobby_seq.NEXTVAL), 5, '0'),'聊天');
Insert into HOBBY(HOBBY_ID,HOBBY_NAME)values('H'||LPAD(to_char(mem_hobby_seq.NEXTVAL), 5, '0'),'拍照');

--------------------------------------
--會員興趣表格
--------------------------------------
CREATE TABLE MEM_HOBBY(
MEM_ID VARCHAR2(20) NOT NULL,
HOBBY_ID VARCHAR2(20) NOT NULL,
CONSTRAINT MEM_HOBBY_PK PRIMARY KEY (MEM_ID,HOBBY_ID),
CONSTRAINT MEM_HOBBY_FK1 FOREIGN KEY (MEM_ID) REFERENCES MEM (MEM_ID),
CONSTRAINT MEM_HOBBY_FK2 FOREIGN KEY (HOBBY_ID) REFERENCES HOBBY (HOBBY_ID)
);

Insert into MEM_HOBBY(MEM_ID, HOBBY_ID)values('M000001','H00001');
Insert into MEM_HOBBY(MEM_ID, HOBBY_ID)values('M000001','H00002');
Insert into MEM_HOBBY(MEM_ID, HOBBY_ID)values('M000001','H00003');
Insert into MEM_HOBBY(MEM_ID, HOBBY_ID)values('M000001','H00004');
Insert into MEM_HOBBY(MEM_ID, HOBBY_ID)values('M000001','H00005');
Insert into MEM_HOBBY(MEM_ID, HOBBY_ID)values('M000001','H00006');
Insert into MEM_HOBBY(MEM_ID, HOBBY_ID)values('M000001','H00007');
Insert into MEM_HOBBY(MEM_ID, HOBBY_ID)values('M000001','H00008');
Insert into MEM_HOBBY(MEM_ID, HOBBY_ID)values('M000001','H00009');
Insert into MEM_HOBBY(MEM_ID, HOBBY_ID)values('M000001','H00010');
Insert into MEM_HOBBY(MEM_ID, HOBBY_ID)values('M000001','H00011');
Insert into MEM_HOBBY(MEM_ID, HOBBY_ID)values('M000002','H00002');
Insert into MEM_HOBBY(MEM_ID, HOBBY_ID)values('M000002','H00009');
Insert into MEM_HOBBY(MEM_ID, HOBBY_ID)values('M000002','H00010');
Insert into MEM_HOBBY(MEM_ID, HOBBY_ID)values('M000003','H00002');
Insert into MEM_HOBBY(MEM_ID, HOBBY_ID)values('M000003','H00009');
Insert into MEM_HOBBY(MEM_ID, HOBBY_ID)values('M000003','H00010'); 
Insert into MEM_HOBBY(MEM_ID, HOBBY_ID)values('M000004','H00002');
Insert into MEM_HOBBY(MEM_ID, HOBBY_ID)values('M000004','H00009');
Insert into MEM_HOBBY(MEM_ID, HOBBY_ID)values('M000004','H00010');
Insert into MEM_HOBBY(MEM_ID, HOBBY_ID)values('M000005','H00002');
Insert into MEM_HOBBY(MEM_ID, HOBBY_ID)values('M000005','H00009');
Insert into MEM_HOBBY(MEM_ID, HOBBY_ID)values('M000005','H00010');
Insert into MEM_HOBBY(MEM_ID, HOBBY_ID)values('M000006','H00002');
Insert into MEM_HOBBY(MEM_ID, HOBBY_ID)values('M000006','H00009');
Insert into MEM_HOBBY(MEM_ID, HOBBY_ID)values('M000006','H00010');
Insert into MEM_HOBBY(MEM_ID, HOBBY_ID)values('M000007','H00002');
Insert into MEM_HOBBY(MEM_ID, HOBBY_ID)values('M000007','H00009');
Insert into MEM_HOBBY(MEM_ID, HOBBY_ID)values('M000007','H00010');
Insert into MEM_HOBBY(MEM_ID, HOBBY_ID)values('M000008','H00002');
Insert into MEM_HOBBY(MEM_ID, HOBBY_ID)values('M000008','H00009');
Insert into MEM_HOBBY(MEM_ID, HOBBY_ID)values('M000008','H00010');
Insert into MEM_HOBBY(MEM_ID, HOBBY_ID)values('M000009','H00002');
Insert into MEM_HOBBY(MEM_ID, HOBBY_ID)values('M000009','H00009');
Insert into MEM_HOBBY(MEM_ID, HOBBY_ID)values('M000009','H00010');
Insert into MEM_HOBBY(MEM_ID, HOBBY_ID)values('M000010','H00002');
Insert into MEM_HOBBY(MEM_ID, HOBBY_ID)values('M000010','H00009');
Insert into MEM_HOBBY(MEM_ID, HOBBY_ID)values('M000010','H00010');

--------------------打卡--------------------

------------------------------------------
CREATE TABLE CHECK_IN(
CHECK_IN_ID VARCHAR(20) NOT NULL,
CHECK_IN_NAME VARCHAR(45 char) NOT NULL,
CHECK_IN_LNT NUMBER(9,6) NOT NULL,
CHECK_IN_LAT NUMBER(9,6) NOT NULL,
CONSTRAINT CHECK_IN_PK PRIMARY KEY (CHECK_IN_ID)
);

CREATE SEQUENCE check_in_seq
INCREMENT BY 1
START WITH 1
NOMAXVALUE
NOCYCLE
NOCACHE;

INSERT INTO CHECK_IN (CHECK_IN_ID,CHECK_IN_NAME,CHECK_IN_LNT,CHECK_IN_LAT) VALUES ('CK'||LPAD(to_char(check_in_seq.NEXTVAL),6,'0'),'中央大學',121.193672,24.968498);
INSERT INTO CHECK_IN (CHECK_IN_ID,CHECK_IN_NAME,CHECK_IN_LNT,CHECK_IN_LAT) VALUES ('CK'||LPAD(to_char(check_in_seq.NEXTVAL),6,'0'),'健行科技大學',121.227924,24.948122);
INSERT INTO CHECK_IN (CHECK_IN_ID,CHECK_IN_NAME,CHECK_IN_LNT,CHECK_IN_LAT) VALUES ('CK'||LPAD(to_char(check_in_seq.NEXTVAL),6,'0'),'上輝仙草',121.216685,24.955655);
----------------------------------------------------
--------------------塗鴉牆文章--------------------

------------------------------------------------
CREATE TABLE POST(
POST_ID VARCHAR2(20) NOT NULL,
POSTER_ID VARCHAR2(20) NOT NULL,
MEM_ID VARCHAR(20) NOT NULL,
CHECK_IN_ID VARCHAR(20),
POST_CONTENT CLOB NOT NULL,
PUBLISH_TIME TIMESTAMP NOT NULL,
POST_LIKE NUMBER(10) NOT NULL,
POST_VISB NUMBER(1) NOT NULL,
CONSTRAINT POST_PK PRIMARY KEY (POST_ID),
CONSTRAINT POST_MEM_FK FOREIGN KEY (POSTER_ID) REFERENCES MEM (MEM_ID),
CONSTRAINT POSTER_MEM_FK FOREIGN KEY (MEM_ID) REFERENCES MEM (MEM_ID),
CONSTRAINT POST_CHECK_IN_FK FOREIGN KEY (CHECK_IN_ID) REFERENCES CHECK_IN (CHECK_IN_ID)
);

CREATE SEQUENCE post_seq
INCREMENT BY 1
START WITH 1
NOMAXVALUE
NOCYCLE
NOCACHE;

INSERT INTO POST (POST_ID,POSTER_ID,MEM_ID,CHECK_IN_ID,POST_CONTENT,PUBLISH_TIME,POST_LIKE,POST_VISB) VALUES ('P'||LPAD(to_char(post_seq.NEXTVAL),6,'0'),'M000001','M000001',null,'Hello World!世界你好!',CURRENT_TIMESTAMP,0,2);
----------------------------------------------------
--------------------塗鴉牆文章留言--------------------

-----------------------------------
CREATE TABLE POST_MESSAGE(
MSG_ID VARCHAR2(20) NOT NULL,
POST_ID VARCHAR2(20) NOT NULL,
MEM_ID VARCHAR2(20) NOT NULL,
MSG_CONTENT CLOB NOT NULL,
PUBLISH_TIME TIMESTAMP NOT NULL,
MSG_LIKE NUMBER(10) NOT NULL,
CONSTRAINT POST_MSG_PK PRIMARY KEY (MSG_ID),
CONSTRAINT POST_MSG_POST_FK FOREIGN KEY (POST_ID) REFERENCES POST (POST_ID),
CONSTRAINT POST_MSG_MEM_FK FOREIGN KEY (MEM_ID) REFERENCES MEM (MEM_ID)
);

CREATE SEQUENCE post_msg_seq
INCREMENT BY 1
START WITH 1
NOMAXVALUE
NOCYCLE
NOCACHE;

INSERT INTO POST_MESSAGE (MSG_ID,POST_ID,MEM_ID,MSG_CONTENT,PUBLISH_TIME,MSG_LIKE) VALUES ('PM'||LPAD(to_char(post_msg_seq.NEXTVAL),6,'0'),'P000001','M000001','嗨~',CURRENT_TIMESTAMP,0);
----------------------------------------------------
--------------------貼圖--------------------

------------------------------------
CREATE TABLE STICK(
STICK_ID VARCHAR2(20) NOT NULL,
STICK_NAME VARCHAR2(20),
STICKER BLOB ,
CONSTRAINT STICK_PK PRIMARY KEY (STICK_ID)
);

CREATE SEQUENCE stick_seq
INCREMENT BY 1
START WITH 1
NOMAXVALUE
NOCYCLE
NOCACHE;
INSERT INTO STICK (STICK_ID,STICK_NAME,STICKER) VALUES ('ST'||LPAD(to_char(stick_seq.NEXTVAL),6,'0'),'1',null);
INSERT INTO STICK (STICK_ID,STICK_NAME,STICKER) VALUES ('ST'||LPAD(to_char(stick_seq.NEXTVAL),6,'0'),'2',null);
INSERT INTO STICK (STICK_ID,STICK_NAME,STICKER) VALUES ('ST'||LPAD(to_char(stick_seq.NEXTVAL),6,'0'),'3',null);
INSERT INTO STICK (STICK_ID,STICK_NAME,STICKER) VALUES ('ST'||LPAD(to_char(stick_seq.NEXTVAL),6,'0'),'4',null);
INSERT INTO STICK (STICK_ID,STICK_NAME,STICKER) VALUES ('ST'||LPAD(to_char(stick_seq.NEXTVAL),6,'0'),'5',null);
INSERT INTO STICK (STICK_ID,STICK_NAME,STICKER) VALUES ('ST'||LPAD(to_char(stick_seq.NEXTVAL),6,'0'),'6',null);
INSERT INTO STICK (STICK_ID,STICK_NAME,STICKER) VALUES ('ST'||LPAD(to_char(stick_seq.NEXTVAL),6,'0'),'7',null);
INSERT INTO STICK (STICK_ID,STICK_NAME,STICKER) VALUES ('ST'||LPAD(to_char(stick_seq.NEXTVAL),6,'0'),'8',null);
INSERT INTO STICK (STICK_ID,STICK_NAME,STICKER) VALUES ('ST'||LPAD(to_char(stick_seq.NEXTVAL),6,'0'),'9',null);
INSERT INTO STICK (STICK_ID,STICK_NAME,STICKER) VALUES ('ST'||LPAD(to_char(stick_seq.NEXTVAL),6,'0'),'10',null);
INSERT INTO STICK (STICK_ID,STICK_NAME,STICKER) VALUES ('ST'||LPAD(to_char(stick_seq.NEXTVAL),6,'0'),'11',null);
INSERT INTO STICK (STICK_ID,STICK_NAME,STICKER) VALUES ('ST'||LPAD(to_char(stick_seq.NEXTVAL),6,'0'),'12',null);

----------------------------------------------------
--------------------推薦話題--------------------

------------------------------------
CREATE TABLE TOPIC(
TOPIC_ID VARCHAR2(20) NOT NULL,
TOPIC_POST CLOB NOT NULL,
CONSTRAINT TOPIC_PK PRIMARY KEY (TOPIC_ID)
);

CREATE SEQUENCE topic_seq
INCREMENT BY 1
START WITH 1
NOMAXVALUE
NOCYCLE
NOCACHE;
-----------------------------------------------------
--------------------配對問題--------------------

------------------------------------
CREATE TABLE PAIR_QUEST(
QUEST_ID VARCHAR2(20) NOT NULL,
MEM_ID VARCHAR2(20) NOT NULL,
QUEST_CONT VARCHAR2(20) NOT NULL,
QUEST_ANS VARCHAR2(20) NOT NULL,
CONSTRAINT PAIR_PK PRIMARY KEY (QUEST_ID),
CONSTRAINT PAIR_MEM_FK FOREIGN KEY (MEM_ID) REFERENCES MEM (MEM_ID)
);

CREATE SEQUENCE pair_quest_seq
INCREMENT BY 1
START WITH 1
NOMAXVALUE
NOCYCLE
NOCACHE;

INSERT INTO PAIR_QUEST (QUEST_ID, MEM_ID, QUEST_CONT, QUEST_ANS) VALUES ('QU'||LPAD(to_char(pair_quest_seq.NEXTVAL),6,'0'),'M000001','我幾公分','31公分');
INSERT INTO PAIR_QUEST (QUEST_ID, MEM_ID, QUEST_CONT, QUEST_ANS) VALUES ('QU'||LPAD(to_char(pair_quest_seq.NEXTVAL),6,'0'),'M000002','我最愛吃什麼','雞雞');
INSERT INTO PAIR_QUEST (QUEST_ID, MEM_ID, QUEST_CONT, QUEST_ANS) VALUES ('QU'||LPAD(to_char(pair_quest_seq.NEXTVAL),6,'0'),'M000003','我是什麼罩杯','gcup');
INSERT INTO PAIR_QUEST (QUEST_ID, MEM_ID, QUEST_CONT, QUEST_ANS) VALUES ('QU'||LPAD(to_char(pair_quest_seq.NEXTVAL),6,'0'),'M000004','交過幾個','數不清');
INSERT INTO PAIR_QUEST (QUEST_ID, MEM_ID, QUEST_CONT, QUEST_ANS) VALUES ('QU'||LPAD(to_char(pair_quest_seq.NEXTVAL),6,'0'),'M000005','喜歡舔嗎','討厭');
INSERT INTO PAIR_QUEST (QUEST_ID, MEM_ID, QUEST_CONT, QUEST_ANS) VALUES ('QU'||LPAD(to_char(pair_quest_seq.NEXTVAL),6,'0'),'M000006','希望幾公分','31公分');


---------------------------------------------------
--------------------配對紀錄--------------------

------------------------------------
CREATE TABLE PAIR_REC(
PAIR_ID VARCHAR2(20) NOT NULL,
PAIR VARCHAR2(20) NOT NULL,
PAIRED VARCHAR2(20) NOT NULL,
PAIR_DATE TIMESTAMP NOT NULL,
PAIR_STATUS NUMBER(1) NOT NULL,
CONSTRAINT PAIR_REC_PK PRIMARY KEY (PAIR_ID),
CONSTRAINT PAIR_REC_MEM_FK FOREIGN KEY (PAIR) REFERENCES MEM(MEM_ID),
CONSTRAINT PAIRED_REC_MEM_FK FOREIGN KEY (PAIRED) REFERENCES MEM(MEM_ID)
);

CREATE SEQUENCE pair_rec_seq
INCREMENT BY 1
START WITH 1
NOMAXVALUE
NOCYCLE
NOCACHE;

INSERT INTO PAIR_REC (PAIR_ID, PAIR, PAIRED, PAIR_DATE, PAIR_STATUS) VALUES ('PR'||LPAD(to_char(pair_rec_seq.NEXTVAL),6,'0'),'M000001','M000006',CURRENT_TIMESTAMP,1);
INSERT INTO PAIR_REC (PAIR_ID, PAIR, PAIRED, PAIR_DATE, PAIR_STATUS) VALUES ('PR'||LPAD(to_char(pair_rec_seq.NEXTVAL),6,'0'),'M000001','M000003',CURRENT_TIMESTAMP,0);
INSERT INTO PAIR_REC (PAIR_ID, PAIR, PAIRED, PAIR_DATE, PAIR_STATUS) VALUES ('PR'||LPAD(to_char(pair_rec_seq.NEXTVAL),6,'0'),'M000005','M000006',CURRENT_TIMESTAMP,1);
INSERT INTO PAIR_REC (PAIR_ID, PAIR, PAIRED, PAIR_DATE, PAIR_STATUS) VALUES ('PR'||LPAD(to_char(pair_rec_seq.NEXTVAL),6,'0'),'M000002','M000004',CURRENT_TIMESTAMP,1);

----------------------------
--  for Table LIVE
----------------------------
CREATE TABLE LIVE(
   HOST_ID VARCHAR2(200) NOT NULL,
   LIVE_NAME VARCHAR2(200 char) NOT NULL,
   LIVE_ACC NUMBER(10),
   LIVE_PIC BLOB,
   LIVE_DATE TIMESTAMP NOT NULL,
   LIVE_STATUS NUMBER NOT NULL,
   CONSTRAINT LIVE_PK PRIMARY KEY (HOST_ID),
   CONSTRAINT LIVE_FK FOREIGN KEY (HOST_ID) REFERENCES MEM (MEM_ID));

INSERT INTO LIVE (HOST_ID, LIVE_NAME, LIVE_ACC, LIVE_PIC, LIVE_DATE, LIVE_STATUS) VALUES ('M000001','湯姆躺著賺',0,NULL,current_timestamp,0);
INSERT INTO LIVE (HOST_ID, LIVE_NAME, LIVE_ACC, LIVE_PIC, LIVE_DATE, LIVE_STATUS) VALUES ('M000002','志明找春嬌',0,NULL,current_timestamp,0);
INSERT INTO LIVE (HOST_ID, LIVE_NAME, LIVE_ACC, LIVE_PIC, LIVE_DATE, LIVE_STATUS) VALUES ('M000003','春嬌想睡覺',0,NULL,current_timestamp,0);
INSERT INTO LIVE (HOST_ID, LIVE_NAME, LIVE_ACC, LIVE_PIC, LIVE_DATE, LIVE_STATUS) VALUES ('M000004','安妮動起來',0,NULL,current_timestamp,0);
INSERT INTO LIVE (HOST_ID, LIVE_NAME, LIVE_ACC, LIVE_PIC, LIVE_DATE, LIVE_STATUS) VALUES ('M000005','茱蒂大胃王',0,NULL,current_timestamp,0);
INSERT INTO LIVE (HOST_ID, LIVE_NAME, LIVE_ACC, LIVE_PIC, LIVE_DATE, LIVE_STATUS) VALUES ('M000006','艾達愛網拍',0,NULL,current_timestamp,0);

----------------------------
--  for Table FILEREC
----------------------------
CREATE TABLE FILEREC(
   FILE_ID VARCHAR2(200) NOT NULL,
   HOST_ID VARCHAR2(200) NOT NULL,
   FILE_NAME VARCHAR2(200) NOT NULL,
   LIVE_DES VARCHAR2(200),
   FILE_CONT VARCHAR2(200) NOT NULL,
   FILE_DATE TIMESTAMP NOT NULL,
   FILE_POP NUMBER(10) ,
   CONSTRAINT FILE_PK PRIMARY KEY (FILE_ID),
   CONSTRAINT FILE_FK FOREIGN KEY (HOST_ID) REFERENCES LIVE (HOST_ID));

CREATE SEQUENCE filer_seq
  INCREMENT BY 1
  START WITH 1
  NOMAXVALUE
  NOCYCLE
  NOCACHE;
INSERT INTO FILEREC (FILE_ID, HOST_ID, FILE_NAME, LIVE_DES, FILE_CONT, FILE_DATE, FILE_POP) VALUES ('FM'||LPAD(to_char(filer_seq.NEXTVAL), 6, '0'),'M000001','湯姆初次開台','開台首吃好緊張!!','https://www.youtube.com/embed/7L06_HW_HcA',current_timestamp,0);
INSERT INTO FILEREC (FILE_ID, HOST_ID, FILE_NAME, LIVE_DES, FILE_CONT, FILE_DATE, FILE_POP) VALUES ('FM'||LPAD(to_char(filer_seq.NEXTVAL), 6, '0'),'M000001','湯姆的第二次','繼續開台','https://www.youtube.com/embed/UXHTGeGkZwU',current_timestamp,0);
INSERT INTO FILEREC (FILE_ID, HOST_ID, FILE_NAME, LIVE_DES, FILE_CONT, FILE_DATE, FILE_POP) VALUES ('FM'||LPAD(to_char(filer_seq.NEXTVAL), 6, '0'),'M000001','湯姆的第三次','還是繼續開','https://www.youtube.com/embed/moyV8-g-SwM',current_timestamp,0);
INSERT INTO FILEREC (FILE_ID, HOST_ID, FILE_NAME, LIVE_DES, FILE_CONT, FILE_DATE, FILE_POP) VALUES ('FM'||LPAD(to_char(filer_seq.NEXTVAL), 6, '0'),'M000001','湯姆的第四次','就是要一直開','https://www.youtube.com/embed/Q0Nn4TUXH5Y',current_timestamp,0);
INSERT INTO FILEREC (FILE_ID, HOST_ID, FILE_NAME, LIVE_DES, FILE_CONT, FILE_DATE, FILE_POP) VALUES ('FM'||LPAD(to_char(filer_seq.NEXTVAL), 6, '0'),'M000002','志明新春直播','大家來幫我找春嬌','https://www.youtube.com/embed/nVjVpX3gRWk',current_timestamp,0);
INSERT INTO FILEREC (FILE_ID, HOST_ID, FILE_NAME, LIVE_DES, FILE_CONT, FILE_DATE, FILE_POP) VALUES ('FM'||LPAD(to_char(filer_seq.NEXTVAL), 6, '0'),'M000003','春嬌的第一次','今天來開箱!!','https://www.youtube.com/embed/zGrYK1VTIjs',current_timestamp,0);
INSERT INTO FILEREC (FILE_ID, HOST_ID, FILE_NAME, LIVE_DES, FILE_CONT, FILE_DATE, FILE_POP) VALUES ('FM'||LPAD(to_char(filer_seq.NEXTVAL), 6, '0'),'M000004','安妮的小天地','我的影片裡有各種可愛的東西','https://www.youtube.com/embed/moyV8-g-SwM',current_timestamp,0);
INSERT INTO FILEREC (FILE_ID, HOST_ID, FILE_NAME, LIVE_DES, FILE_CONT, FILE_DATE, FILE_POP) VALUES ('FM'||LPAD(to_char(filer_seq.NEXTVAL), 6, '0'),'M000005','茱蒂第一支影片','來看我一直吃東西','https://www.youtube.com/embed/moyV8-g-SwM',current_timestamp,0);
INSERT INTO FILEREC (FILE_ID, HOST_ID, FILE_NAME, LIVE_DES, FILE_CONT, FILE_DATE, FILE_POP) VALUES ('FM'||LPAD(to_char(filer_seq.NEXTVAL), 6, '0'),'M000006','艾達來聊聊','怎麼買東西最划算','https://www.youtube.com/embed/moyV8-g-SwM',current_timestamp,0);

----------------------------
--  for Table AD
----------------------------
CREATE TABLE AD(
   AD_ID VARCHAR2(200) NOT NULL,
   HOST_ID VARCHAR2(200) NOT NULL,
   AD_NAME VARCHAR2(200) NOT NULL,   
   AD_CONT BLOB,
   AD_COST NUMBER(10) NOT NULL,
   APPLY_STATUS NUMBER NOT NULL,
   AD_STAR DATE NOT NULL,
   AD_END DATE NOT NULL,
   CONSTRAINT AD_PK PRIMARY KEY (AD_ID),
   CONSTRAINT AD_FK FOREIGN KEY (HOST_ID) REFERENCES LIVE (HOST_ID));

CREATE SEQUENCE ad_seq
  INCREMENT BY 1
  START WITH 1
  NOMAXVALUE
  NOCYCLE
  NOCACHE;
INSERT INTO AD (AD_ID, HOST_ID, AD_NAME, AD_CONT, AD_COST, APPLY_STATUS, AD_STAR, AD_END) VALUES ('AD'||LPAD(to_char(ad_seq.NEXTVAL), 6, '0'),'M000001','湯姆要你來',NULL,50001,0,TO_DATE('2019-02-14','YYYY-MM-DD'),TO_DATE('2019-03-14','YYYY-MM-DD'));
INSERT INTO AD (AD_ID, HOST_ID, AD_NAME, AD_CONT, AD_COST, APPLY_STATUS, AD_STAR, AD_END) VALUES ('AD'||LPAD(to_char(ad_seq.NEXTVAL), 6, '0'),'M000002','志明要你來',NULL,50002,0,TO_DATE('2019-02-14','YYYY-MM-DD'),TO_DATE('2019-03-14','YYYY-MM-DD'));
INSERT INTO AD (AD_ID, HOST_ID, AD_NAME, AD_CONT, AD_COST, APPLY_STATUS, AD_STAR, AD_END) VALUES ('AD'||LPAD(to_char(ad_seq.NEXTVAL), 6, '0'),'M000003','春嬌要你來',NULL,50003,0,TO_DATE('2019-02-14','YYYY-MM-DD'),TO_DATE('2019-03-14','YYYY-MM-DD'));
INSERT INTO AD (AD_ID, HOST_ID, AD_NAME, AD_CONT, AD_COST, APPLY_STATUS, AD_STAR, AD_END) VALUES ('AD'||LPAD(to_char(ad_seq.NEXTVAL), 6, '0'),'M000004','安妮要你來',NULL,50004,0,TO_DATE('2019-02-14','YYYY-MM-DD'),TO_DATE('2019-03-14','YYYY-MM-DD'));
INSERT INTO AD (AD_ID, HOST_ID, AD_NAME, AD_CONT, AD_COST, APPLY_STATUS, AD_STAR, AD_END) VALUES ('AD'||LPAD(to_char(ad_seq.NEXTVAL), 6, '0'),'M000005','朱蒂要你來',NULL,50005,0,TO_DATE('2019-02-14','YYYY-MM-DD'),TO_DATE('2019-03-14','YYYY-MM-DD'));
INSERT INTO AD (AD_ID, HOST_ID, AD_NAME, AD_CONT, AD_COST, APPLY_STATUS, AD_STAR, AD_END) VALUES ('AD'||LPAD(to_char(ad_seq.NEXTVAL), 6, '0'),'M000006','艾達要你來',NULL,50006,0,TO_DATE('2019-02-14','YYYY-MM-DD'),TO_DATE('2019-03-14','YYYY-MM-DD'));

----------------------------
--  for Table LIVE_CHAT
----------------------------
CREATE TABLE LIVE_CHAT(
   CHAT_ID VARCHAR2(200) NOT NULL,
   HOST_ID VARCHAR2(200) NOT NULL,
   MEM_ID VARCHAR2(200) NOT NULL,   
   CHAT_CONT CLOB,
   CHAT_TYPE VARCHAR2(20) ,
   CHAT_DATE TIMESTAMP NOT NULL,
   CONSTRAINT LIVE_CHAT_PK PRIMARY KEY (CHAT_ID),
   CONSTRAINT LIVE_CHAT_FK1 FOREIGN KEY (HOST_ID) REFERENCES LIVE (HOST_ID),
   CONSTRAINT LIVECHAT_FK2 FOREIGN KEY (MEM_ID) REFERENCES MEM (MEM_ID));


CREATE SEQUENCE live_chat_seq
  INCREMENT BY 1
  START WITH 1
  NOMAXVALUE
  NOCYCLE
  NOCACHE;

INSERT INTO LIVE_CHAT (CHAT_ID, HOST_ID, MEM_ID, CHAT_CONT,CHAT_TYPE, CHAT_DATE) VALUES ('CH'||LPAD(to_char(live_chat_seq.NEXTVAL), 6, '0'),'M000003','M000001','安安!你好,幾歲?住哪?給約嗎?','text',current_timestamp);

----------------------------
--  for Table LIVE_REP
----------------------------
CREATE TABLE LIVE_REP(
   REP_ID VARCHAR2(200) NOT NULL,
   HOST_ID VARCHAR2(200) NOT NULL,
   MEM_ID VARCHAR2(200) NOT NULL,   
   REP_CONT CLOB,
   REP_DATE TIMESTAMP NOT NULL,
   REP_STATUS NUMBER NOT NULL,
   REP_ANS CLOB,
   REP_ANS_DATE TIMESTAMP,
   CONSTRAINT LIVE_REP_PK PRIMARY KEY (REP_ID),
   CONSTRAINT LIVE_REP_FK1 FOREIGN KEY (HOST_ID) REFERENCES LIVE (HOST_ID),
   CONSTRAINT LIVE_REP_FK2 FOREIGN KEY (MEM_ID) REFERENCES MEM (MEM_ID));


CREATE SEQUENCE live_rep_seq
  INCREMENT BY 1
  START WITH 1
  NOMAXVALUE
  NOCYCLE
  NOCACHE;

INSERT INTO LIVE_REP  (REP_ID, HOST_ID, MEM_ID, REP_CONT, REP_DATE, REP_STATUS, REP_ANS, REP_ANS_DATE) VALUES ('LR'||LPAD(to_char(live_rep_seq.NEXTVAL), 6, '0'),'M000005','M000006','直播主在吃雞雞',current_timestamp,1,'準備	關閉它的直播',current_timestamp);
INSERT INTO LIVE_REP  (REP_ID, HOST_ID, MEM_ID, REP_CONT, REP_DATE, REP_STATUS, REP_ANS, REP_ANS_DATE) VALUES ('LR'||LPAD(to_char(live_rep_seq.NEXTVAL), 6, '0'),'M000003','M000005','他比我還有人氣',current_timestamp,2,'未認可的檢舉',current_timestamp);
INSERT INTO LIVE_REP  (REP_ID, HOST_ID, MEM_ID, REP_CONT, REP_DATE, REP_STATUS, REP_ANS, REP_ANS_DATE) VALUES ('LR'||LPAD(to_char(live_rep_seq.NEXTVAL), 6, '0'),'M000005','M000006','繼續檢舉',current_timestamp,2,'未認可的檢舉',current_timestamp);

----------------------------
--  for Table LIVE_LIKE
----------------------------
CREATE TABLE LIVE_LIKE(
   MEM_ID VARCHAR2(200) NOT NULL,   
   HOST_ID VARCHAR2(200) NOT NULL,
   CONSTRAINT LIVE_LIKE_PK PRIMARY KEY (MEM_ID,HOST_ID),
   CONSTRAINT LIVE_LIKE_FK1 FOREIGN KEY (MEM_ID) REFERENCES MEM (MEM_ID),
   CONSTRAINT LIVE_LIKE_FK2 FOREIGN KEY (HOST_ID) REFERENCES LIVE (HOST_ID));

INSERT INTO LIVE_LIKE  (MEM_ID, HOST_ID) VALUES ('M000001','M000002');
INSERT INTO LIVE_LIKE  (MEM_ID, HOST_ID) VALUES ('M000001','M000005');
INSERT INTO LIVE_LIKE  (MEM_ID, HOST_ID) VALUES ('M000002','M000003');
INSERT INTO LIVE_LIKE  (MEM_ID, HOST_ID) VALUES ('M000003','M000004');
INSERT INTO LIVE_LIKE  (MEM_ID, HOST_ID) VALUES ('M000004','M000001');
INSERT INTO LIVE_LIKE  (MEM_ID, HOST_ID) VALUES ('M000005','M000006');

----------------------------
--  for Table MEETUP
----------------------------
CREATE TABLE MEETUP(
  MEETUP_ID   VARCHAR2(20)  NOT NULL,
  MEETUP_NAME   VARCHAR2(30)  NOT NULL,
  MEM_ID      VARCHAR2(20)  NOT NULL,
  MEETUP_DATE   DATE        NOT NULL,
  MEETUP_LOC    VARCHAR2(255) NOT NULL,
  MEETUP_STATUS NUMBER(10)    NOT NULL,
  MEETUP_PIC    BLOB      ,--NOT NULL--
  MEETUP_INFO   VARCHAR2(255) NOT NULL,
  CONSTRAINT MEETUP_FK FOREIGN KEY (MEM_ID) REFERENCES MEM (MEM_ID),
  CONSTRAINT MEETUP_PK PRIMARY KEY (MEETUP_ID));

CREATE SEQUENCE meetup_seq
INCREMENT BY 1
START WITH 1
NOMAXVALUE
NOCYCLE
NOCACHE;

Insert into MEETUP (MEETUP_ID,MEETUP_NAME,MEM_ID,MEETUP_DATE,MEETUP_LOC,MEETUP_STATUS,MEETUP_PIC,MEETUP_INFO) 
  values ('MP'||LPAD(to_char(meetup_seq.NEXTVAL), 6, '0'),'ValentinesDates','M000001',TO_DATE('2018-03-14','YYYY-MM-DD'),'110台北市-信義區-市府路1號','1',null,'大家一起過白色情人節');
Insert into MEETUP (MEETUP_ID,MEETUP_NAME,MEM_ID,MEETUP_DATE,MEETUP_LOC,MEETUP_STATUS,MEETUP_PIC,MEETUP_INFO) 
  values ('MP'||LPAD(to_char(meetup_seq.NEXTVAL), 6, '0'),'好山好水好幸福','M000003',
    TO_DATE('2019-05-14','YYYY-MM-DD'),'970花蓮市-中正路106號','1',null,'一起找到幸福');

Insert into MEETUP (MEETUP_ID,MEETUP_NAME,MEM_ID,MEETUP_DATE,MEETUP_LOC,MEETUP_STATUS,MEETUP_PIC,MEETUP_INFO) 
  values ('MP'||LPAD(to_char(meetup_seq.NEXTVAL), 6, '0'),'404錯誤的愛不要來','M000004',
    TO_DATE('2019-05-14','YYYY-MM-DD'),'404台中市-北區-雙十路106號','1',null,'一起找到500');

Insert into MEETUP (MEETUP_ID,MEETUP_NAME,MEM_ID,MEETUP_DATE,MEETUP_LOC,MEETUP_STATUS,MEETUP_PIC,MEETUP_INFO) 
  values ('MP'||LPAD(to_char(meetup_seq.NEXTVAL), 6, '0'),'拍拖成功','M000005',
    TO_DATE('2019-03-30','YYYY-MM-DD'),'700台南市-友愛街100號','1',null,'一起拍拖');
        
Insert into MEETUP (MEETUP_ID,MEETUP_NAME,MEM_ID,MEETUP_DATE,MEETUP_LOC,MEETUP_STATUS,MEETUP_PIC,MEETUP_INFO) 
  values ('MP'||LPAD(to_char(meetup_seq.NEXTVAL), 6, '0'),'愛情摩天輪','M000006',
    TO_DATE('2019-05-14','YYYY-MM-DD'),'812高雄市-小港區-小港二街31號','1',null,'讓摩天輪轉吧!');

Insert into MEETUP (MEETUP_ID,MEETUP_NAME,MEM_ID,MEETUP_DATE,MEETUP_LOC,MEETUP_STATUS,MEETUP_PIC,MEETUP_INFO) 
  values ('MP'||LPAD(to_char(meetup_seq.NEXTVAL), 6, '0'),'Mr. Right','M000002',
    TO_DATE('2019-05-14','YYYY-MM-DD'),'320桃園市-中壢區-中央路300號','1',null,'異男限定');
----------------------------
--  for Table MEETUP_MEM
----------------------------
CREATE TABLE MEETUP_MEM(
  MEETUP_ID   VARCHAR2(20)  NOT NULL,
  MEM_ID      VARCHAR2(20)  NOT NULL,
  MEM_SHOWUP    NUMBER(10)  NOT NULL,
  MEETUP_RATE   NUMBER(10),  
  MEETUP_COMMENT  VARCHAR2(255),  
  CONSTRAINT MEETUP_MEM_FK1 FOREIGN KEY (MEETUP_ID) REFERENCES MEETUP (MEETUP_ID),
  CONSTRAINT MEETUP_MEM_FK2 FOREIGN KEY (MEM_ID) REFERENCES MEM (MEM_ID),
  CONSTRAINT MEETUP_MEM_PK PRIMARY KEY (MEETUP_ID, MEM_ID));
--MEM_ID → MEM
--MEETUP_ID → MEETUP

Insert into MEETUP_MEM (MEETUP_ID,MEM_ID, MEM_SHOWUP, MEETUP_RATE, MEETUP_COMMENT)
  values ('MP000001','M000001',1,null,null);
Insert into MEETUP_MEM (MEETUP_ID,MEM_ID, MEM_SHOWUP, MEETUP_RATE, MEETUP_COMMENT)
  values ('MP000001','M000002',1,null,null);
Insert into MEETUP_MEM (MEETUP_ID,MEM_ID, MEM_SHOWUP, MEETUP_RATE, MEETUP_COMMENT)
  values ('MP000001','M000003',1,null,null);

Insert into MEETUP_MEM (MEETUP_ID,MEM_ID, MEM_SHOWUP, MEETUP_RATE, MEETUP_COMMENT)
  values ('MP000002','M000002',1,null,null);
Insert into MEETUP_MEM (MEETUP_ID,MEM_ID, MEM_SHOWUP, MEETUP_RATE, MEETUP_COMMENT)
  values ('MP000002','M000004',1,null,null);

Insert into MEETUP_MEM (MEETUP_ID,MEM_ID, MEM_SHOWUP, MEETUP_RATE, MEETUP_COMMENT)
  values ('MP000003','M000003',1,null,null);
Insert into MEETUP_MEM (MEETUP_ID,MEM_ID, MEM_SHOWUP, MEETUP_RATE, MEETUP_COMMENT)
  values ('MP000003','M000004',1,null,null);
Insert into MEETUP_MEM (MEETUP_ID,MEM_ID, MEM_SHOWUP, MEETUP_RATE, MEETUP_COMMENT)
  values ('MP000003','M000005',1,null,null);

Insert into MEETUP_MEM (MEETUP_ID,MEM_ID, MEM_SHOWUP, MEETUP_RATE, MEETUP_COMMENT)
  values ('MP000004','M000004',1,null,null);
Insert into MEETUP_MEM (MEETUP_ID,MEM_ID, MEM_SHOWUP, MEETUP_RATE, MEETUP_COMMENT)
  values ('MP000004','M000001',1,null,null);
Insert into MEETUP_MEM (MEETUP_ID,MEM_ID, MEM_SHOWUP, MEETUP_RATE, MEETUP_COMMENT)
  values ('MP000004','M000006',1,null,null);

Insert into MEETUP_MEM (MEETUP_ID,MEM_ID, MEM_SHOWUP, MEETUP_RATE, MEETUP_COMMENT)
  values ('MP000005','M000005',1,null,null);
Insert into MEETUP_MEM (MEETUP_ID,MEM_ID, MEM_SHOWUP, MEETUP_RATE, MEETUP_COMMENT)
  values ('MP000005','M000006',1,null,null);
Insert into MEETUP_MEM (MEETUP_ID,MEM_ID, MEM_SHOWUP, MEETUP_RATE, MEETUP_COMMENT)
  values ('MP000005','M000002',1,null,null);

Insert into MEETUP_MEM (MEETUP_ID,MEM_ID, MEM_SHOWUP, MEETUP_RATE, MEETUP_COMMENT)
  values ('MP000006','M000006',1,null,null);
Insert into MEETUP_MEM (MEETUP_ID,MEM_ID, MEM_SHOWUP, MEETUP_RATE, MEETUP_COMMENT)
  values ('MP000006','M000003',1,null,null);

----------------------------
--  for Table MEETUP_CHAT
----------------------------
CREATE TABLE MEETUP_CHAT(
  CHAT_ID     VARCHAR2(20)  NOT NULL,
  MEETUP_ID   VARCHAR2(20)  NOT NULL,
  MEM_ID      VARCHAR2(20)  NOT NULL,
  CHAT_MSG_TIME TIMESTAMP     NOT NULL,
  CHAT_MSG    CLOB      ,
  CONSTRAINT MEETUP_CHAT_FK1 FOREIGN KEY (MEETUP_ID) REFERENCES MEETUP (MEETUP_ID), 
  CONSTRAINT MEETUP_CHAT_FK2 FOREIGN KEY (MEM_ID) REFERENCES MEM (MEM_ID),
  CONSTRAINT MEETUP_CHAT_PK PRIMARY KEY (CHAT_ID));
--MEETUP_ID → MEETUP_MEM
--MEM_ID → MEM

CREATE SEQUENCE meetup_chat_seq
INCREMENT BY 1
START WITH 1
NOMAXVALUE
NOCYCLE
NOCACHE;
Insert into MEETUP_CHAT (CHAT_ID,MEETUP_ID,MEM_ID,CHAT_MSG_TIME,CHAT_MSG)
  values ( 'MPCH'||LPAD(to_char(meetup_chat_seq.NEXTVAL), 6, '0'), 'MP000001', 'M000001', TO_TIMESTAMP('2019-1-1 22:30:30.0', 'syyyy-mm-dd hh24:mi:ss.ff'), NULL);
Insert into MEETUP_CHAT (CHAT_ID,MEETUP_ID,MEM_ID,CHAT_MSG_TIME,CHAT_MSG)
  values ( 'MPCH'||LPAD(to_char(meetup_chat_seq.NEXTVAL), 6, '0'), 'MP000001', 'M000001', SYSTIMESTAMP,'安安');

Insert into MEETUP_CHAT (CHAT_ID,MEETUP_ID,MEM_ID,CHAT_MSG_TIME,CHAT_MSG)
  values ( 'MPCH'||LPAD(to_char(meetup_chat_seq.NEXTVAL), 6, '0'), 'MP000001', 'M000001', SYSTIMESTAMP, '早安');

Insert into MEETUP_CHAT (CHAT_ID,MEETUP_ID,MEM_ID,CHAT_MSG_TIME,CHAT_MSG)
  values ( 'MPCH'||LPAD(to_char(meetup_chat_seq.NEXTVAL), 6, '0'), 'MP000001', 'M000001', SYSTIMESTAMP, '我是新報名的成員');

Insert into MEETUP_CHAT (CHAT_ID,MEETUP_ID,MEM_ID,CHAT_MSG_TIME,CHAT_MSG)
  values ( 'MPCH'||LPAD(to_char(meetup_chat_seq.NEXTVAL), 6, '0'), 'MP000001', 'M000001', SYSTIMESTAMP, '大家多指教');

Insert into MEETUP_CHAT (CHAT_ID,MEETUP_ID,MEM_ID,CHAT_MSG_TIME,CHAT_MSG)
  values ( 'MPCH'||LPAD(to_char(meetup_chat_seq.NEXTVAL), 6, '0'), 'MP000001', 'M000001', SYSTIMESTAMP, '天冷多保暖');
----------------------------
--  for Table MEETUP_LIKE
----------------------------
CREATE TABLE MEETUP_LIKE(
  MEETUP_ID   VARCHAR2(20)  NOT NULL,
  MEM_ID      VARCHAR2(20)  NOT NULL,
  CONSTRAINT MEETUP_LIKE_FK1 FOREIGN KEY (MEM_ID) REFERENCES MEM (MEM_ID),
  CONSTRAINT MEETUP_LIKE_FK2 FOREIGN KEY (MEETUP_ID) REFERENCES MEETUP (MEETUP_ID), 
  CONSTRAINT MEETUP_LIKE_PK PRIMARY KEY (MEETUP_ID, MEM_ID));
--MEETUP_ID → MEETUP
--MEM_ID → MEM
Insert into MEETUP_LIKE (MEETUP_ID,MEM_ID) values ( 'MP000001','M000001');   
Insert into MEETUP_LIKE (MEETUP_ID,MEM_ID) values ( 'MP000001','M000002');
Insert into MEETUP_LIKE (MEETUP_ID,MEM_ID) values ( 'MP000001','M000003');
Insert into MEETUP_LIKE (MEETUP_ID,MEM_ID) values ( 'MP000001','M000004');
Insert into MEETUP_LIKE (MEETUP_ID,MEM_ID) values ( 'MP000002','M000003');
Insert into MEETUP_LIKE (MEETUP_ID,MEM_ID) values ( 'MP000002','M000006');
Insert into MEETUP_LIKE (MEETUP_ID,MEM_ID) values ( 'MP000003','M000004');
Insert into MEETUP_LIKE (MEETUP_ID,MEM_ID) values ( 'MP000003','M000006');
Insert into MEETUP_LIKE (MEETUP_ID,MEM_ID) values ( 'MP000004','M000005');
Insert into MEETUP_LIKE (MEETUP_ID,MEM_ID) values ( 'MP000004','M000002');
Insert into MEETUP_LIKE (MEETUP_ID,MEM_ID) values ( 'MP000005','M000003');
Insert into MEETUP_LIKE (MEETUP_ID,MEM_ID) values ( 'MP000005','M000001');
Insert into MEETUP_LIKE (MEETUP_ID,MEM_ID) values ( 'MP000006','M000002');
----------------------------
--  for Table MEETUP_REPORT
----------------------------
CREATE TABLE MEETUP_REP(
  MEETUP_REP_ID VARCHAR2(20)  NOT NULL,
  MEETUP_ID   VARCHAR2(20)  NOT NULL,
  MEM_ID      VARCHAR2(20)  NOT NULL,
  REP_CONTENT   CLOB      ,--NOT NULL--
  REP_DATE    TIMESTAMP     NOT NULL,
  REP_STATUS    NUMBER(10)    NOT NULL,
  REP_ANS     CLOB      ,
  REP_ANS_DATE  TIMESTAMP   ,
  CONSTRAINT MEETUP_REP_PK PRIMARY KEY (MEETUP_REP_ID),
  CONSTRAINT MEETUP_REP_FK1 FOREIGN KEY (MEM_ID) REFERENCES MEM (MEM_ID),
  CONSTRAINT MEETUP_REP_FK2 FOREIGN KEY (MEETUP_ID) REFERENCES MEETUP (MEETUP_ID));
    
CREATE SEQUENCE meetup_rep_seq
INCREMENT BY 1
START WITH 1
NOMAXVALUE
NOCYCLE
NOCACHE;

--REPER_ID → MEM
--MEETUP_ID → MEETUP
Insert into MEETUP_REP (MEETUP_REP_ID,MEETUP_ID,MEM_ID,REP_CONTENT,REP_DATE,REP_STATUS,REP_ANS,REP_ANS_DATE)
  values ( 'MPREP'||LPAD(to_char(meetup_rep_seq.NEXTVAL), 6, '0'),'MP000003','M000001','怪怪的',
        TO_TIMESTAMP('2019-1-1 22:30:30.0', 'syyyy-mm-dd hh24:mi:ss.ff'),'1','真的怪怪的', SYSTIMESTAMP);
Insert into MEETUP_REP (MEETUP_REP_ID,MEETUP_ID,MEM_ID,REP_CONTENT,REP_DATE,REP_STATUS,REP_ANS,REP_ANS_DATE)
  values ( 'MPREP'||LPAD(to_char(meetup_rep_seq.NEXTVAL), 6, '0'),'MP000004','M000001','怪怪的',
        TO_TIMESTAMP('2019-1-1 22:30:30', 'syyyy-mm-dd hh24:mi:ss'),'1','真的怪怪的', SYSTIMESTAMP);
Insert into MEETUP_REP (MEETUP_REP_ID,MEETUP_ID,MEM_ID,REP_CONTENT,REP_DATE,REP_STATUS,REP_ANS,REP_ANS_DATE)
  values ( 'MPREP'||LPAD(to_char(meetup_rep_seq.NEXTVAL), 6, '0'),'MP000006','M000001','怪怪的',
        TO_TIMESTAMP('2019-1-1 22:30:30', 'syyyy-mm-dd hh24:mi:ss'),'1','真的怪怪的', SYSTIMESTAMP); 
------------------------------------------------
-- for Table PRODUCT
------------------------------------------------
CREATE TABLE PRODUCT(
  PROD_ID VARCHAR2(20) NOT NULL,
  PROD_NAME VARCHAR2(20 char) NOT NULL,
  PROD_PRICE NUMBER(20),
  PROD_TYPE NUMBER(10) NOT NULL,
  PROD_STOCK NUMBER(10),
  PROD_PIC BLOB,
  PROD_PROMT_STATUS NUMBER(10),
  PROD_STATUS NUMBER(10),
  PROD_INFO VARCHAR2(255 char),
  CONSTRAINT PRODUCT_PK PRIMARY KEY (PROD_ID));

CREATE SEQUENCE product_seq
  INCREMENT BY 1
  START WITH 1
  NOMAXVALUE
  NOCYCLE
  NOCACHE;

INSERT INTO PRODUCT (PROD_ID, PROD_NAME, PROD_PRICE, PROD_TYPE, PROD_STOCK, PROD_PIC, PROD_PROMT_STATUS, PROD_STATUS, PROD_INFO) VALUES ('P'||LPAD(to_char(product_seq.NEXTVAL), 6, '0'), '原味內褲', 500, 0, 10, NULL, 0, 1, '超級原味內褲');
INSERT INTO PRODUCT (PROD_ID, PROD_NAME, PROD_PRICE, PROD_TYPE, PROD_STOCK, PROD_PIC, PROD_PROMT_STATUS, PROD_STATUS, PROD_INFO) VALUES ('P'||LPAD(to_char(product_seq.NEXTVAL), 6, '0'), '蘋果', 100, 1, 999, NULL, 0, 1, '贈送可增加100熱度/親密度');
INSERT INTO PRODUCT (PROD_ID, PROD_NAME, PROD_PRICE, PROD_TYPE, PROD_STOCK, PROD_PIC, PROD_PROMT_STATUS, PROD_STATUS, PROD_INFO) VALUES ('P'||LPAD(to_char(product_seq.NEXTVAL), 6, '0'), '粉紅勁裝', 1500, 0, 11, NULL, 1, 1, '穿上整個人都精神了起來呢');
INSERT INTO PRODUCT (PROD_ID, PROD_NAME, PROD_PRICE, PROD_TYPE, PROD_STOCK, PROD_PIC, PROD_PROMT_STATUS, PROD_STATUS, PROD_INFO) VALUES ('P'||LPAD(to_char(product_seq.NEXTVAL), 6, '0'), '無敵星星', 700, 1, 999, NULL, 0, 1, '贈送可增加900熱度/親密度');
INSERT INTO PRODUCT (PROD_ID, PROD_NAME, PROD_PRICE, PROD_TYPE, PROD_STOCK, PROD_PIC, PROD_PROMT_STATUS, PROD_STATUS, PROD_INFO) VALUES ('P'||LPAD(to_char(product_seq.NEXTVAL), 6, '0'), '雙頭龍', 2500, 0, 20, NULL, 1, 0, '比單頭龍還舒服1倍');


------------------------------------------------
-- for Table ORDER_MASTER
------------------------------------------------
CREATE TABLE ORDER_MASTER(
  ORDER_ID VARCHAR2(20) NOT NULL,
  MEM_ID VARCHAR2(20) NOT NULL,
  PRICE NUMBER(10) NOT NULL,
  ORDER_DATE TIMESTAMP NOT NULL,
  TIP VARCHAR2(300),
  OUT_ADD VARCHAR2(100),
  RECIPIENT VARCHAR2(20),
  PHONE VARCHAR2(20),
  OUT_DATE TIMESTAMP,
  OUT_STATUS NUMBER(10),
  ORDER_STATUS NUMBER(10),
  CONSTRAINT ORDER_PK PRIMARY KEY (ORDER_ID),
  CONSTRAINT OREDR_FK FOREIGN KEY (MEM_ID) REFERENCES MEM (MEM_ID));

CREATE SEQUENCE order_master_seq
  INCREMENT BY 1
  START WITH 1
  NOMAXVALUE
  NOCACHE
  NOCYCLE;
INSERT INTO ORDER_MASTER (ORDER_ID, MEM_ID, PRICE, ORDER_DATE, TIP, OUT_ADD, RECIPIENT, PHONE, OUT_DATE, OUT_STATUS, ORDER_STATUS) VALUES ('OM'||LPAD(to_char(order_master_seq.NEXTVAL), 6, '0'), 'M000001', 8500, current_timestamp, '安安你好幾歲住哪給虧嗎', '雲林縣林內鄉', '黃豆仔', '0999887766', NULL, 0, 0);
INSERT INTO ORDER_MASTER (ORDER_ID, MEM_ID, PRICE, ORDER_DATE, TIP, OUT_ADD, RECIPIENT, PHONE, OUT_DATE, OUT_STATUS, ORDER_STATUS) VALUES ('OM'||LPAD(to_char(order_master_seq.NEXTVAL), 6, '0'), 'M000002', 1500, current_timestamp, '快點送來', '中華民國重災淪陷區首都北京', '習D', '458523547777', NULL, 1, 2);
INSERT INTO ORDER_MASTER (ORDER_ID, MEM_ID, PRICE, ORDER_DATE, TIP, OUT_ADD, RECIPIENT, PHONE, OUT_DATE, OUT_STATUS, ORDER_STATUS) VALUES ('OM'||LPAD(to_char(order_master_seq.NEXTVAL), 6, '0'), 'M000005', 500, current_timestamp, '我好餓喔', '雲林縣莿桐鄉', '黃文柔', '099988485136', NULL, 1, 0);
INSERT INTO ORDER_MASTER (ORDER_ID, MEM_ID, PRICE, ORDER_DATE, TIP, OUT_ADD, RECIPIENT, PHONE, OUT_DATE, OUT_STATUS, ORDER_STATUS) VALUES ('OM'||LPAD(to_char(order_master_seq.NEXTVAL), 6, '0'), 'M000006', 3000, current_timestamp, '新年快樂', '雲林縣中壢鄉', '劉品萱', '099988775466', NULL, 2, 0);
INSERT INTO ORDER_MASTER (ORDER_ID, MEM_ID, PRICE, ORDER_DATE, TIP, OUT_ADD, RECIPIENT, PHONE, OUT_DATE, OUT_STATUS, ORDER_STATUS) VALUES ('OM'||LPAD(to_char(order_master_seq.NEXTVAL), 6, '0'), 'M000003', 2000, current_timestamp, '枯藤老樹昏鴉小橋流水人家古道西風瘦馬夕陽西下貨還沒送到', '發大財的高雄', '韓國瑜', '0999885766', NULL, 2, 2);
------------------------------------------------
-- for Table ORDER_DETAIL
------------------------------------------------
CREATE TABLE ORDER_DETAIL(
  ORDER_ID VARCHAR2(20) NOT NULL,
  PROD_ID VARCHAR2(20) NOT NULL,
  QUANTITY NUMBER(10) NOT NULL,
  PRICE NUMBER(10) NOT NULL,
  CONSTRAINT ORDER_DETAIL_PK PRIMARY KEY (ORDER_ID, PROD_ID),
  CONSTRAINT ORDER_DETAIL_FK1 FOREIGN KEY (PROD_ID) REFERENCES PRODUCT (PROD_ID),
  CONSTRAINT ORDER_DETAIL_FK2 FOREIGN KEY (ORDER_ID) REFERENCES ORDER_MASTER (ORDER_ID));

INSERT INTO ORDER_DETAIL (ORDER_ID, PROD_ID, QUANTITY, PRICE) VALUES ('OM000001', 'P000001', 5, 2500);
INSERT INTO ORDER_DETAIL (ORDER_ID, PROD_ID, QUANTITY, PRICE) VALUES ('OM000001', 'P000005', 2, 5000);
INSERT INTO ORDER_DETAIL (ORDER_ID, PROD_ID, QUANTITY, PRICE) VALUES ('OM000001', 'P000004', 1, 700);
INSERT INTO ORDER_DETAIL (ORDER_ID, PROD_ID, QUANTITY, PRICE) VALUES ('OM000001', 'P000002', 3, 300);
INSERT INTO ORDER_DETAIL (ORDER_ID, PROD_ID, QUANTITY, PRICE) VALUES ('OM000002', 'P000003', 1, 1500);
INSERT INTO ORDER_DETAIL (ORDER_ID, PROD_ID, QUANTITY, PRICE) VALUES ('OM000003', 'P000001', 1, 500);
INSERT INTO ORDER_DETAIL (ORDER_ID, PROD_ID, QUANTITY, PRICE) VALUES ('OM000004', 'P000004', 2, 1400);
INSERT INTO ORDER_DETAIL (ORDER_ID, PROD_ID, QUANTITY, PRICE) VALUES ('OM000004', 'P000001', 3, 1500);
INSERT INTO ORDER_DETAIL (ORDER_ID, PROD_ID, QUANTITY, PRICE) VALUES ('OM000004', 'P000002', 6, 600);
INSERT INTO ORDER_DETAIL (ORDER_ID, PROD_ID, QUANTITY, PRICE) VALUES ('OM000005', 'P000003', 1, 1500);
INSERT INTO ORDER_DETAIL (ORDER_ID, PROD_ID, QUANTITY, PRICE) VALUES ('OM000005', 'P000001', 1, 500);
------------------------------------------------
-- for Table SALE_TYPE
------------------------------------------------
CREATE TABLE SALE_TYPE(
  SALE_TYPE_ID VARCHAR2(20) NOT NULL,
  SALE_TYPE_NAME VARCHAR2(20) NOT NULL,
  CONSTRAINT SALE_TYPE_PK PRIMARY KEY (SALE_TYPE_ID));

CREATE SEQUENCE sale_type_seq
  INCREMENT BY 1
  START WITH 1
  NOMAXVALUE
  NOCACHE
  NOCYCLE;

INSERT INTO SALE_TYPE (SALE_TYPE_ID, SALE_TYPE_NAME) VALUES ('ST'||LPAD(to_char(sale_type_seq.NEXTVAL), 6, '0'), '折扣型');
INSERT INTO SALE_TYPE (SALE_TYPE_ID, SALE_TYPE_NAME) VALUES ('ST'||LPAD(to_char(sale_type_seq.NEXTVAL), 6, '0'), '滿額型');
INSERT INTO SALE_TYPE (SALE_TYPE_ID, SALE_TYPE_NAME) VALUES ('ST'||LPAD(to_char(sale_type_seq.NEXTVAL), 6, '0'), '混合型');
------------------------------------------------
-- for Table SALE
------------------------------------------------
CREATE TABLE SALE(
  SALE_ID VARCHAR2(20) NOT NULL,
  SALE_TYPE_ID VARCHAR2(20) NOT NULL,
  SALE_NAME VARCHAR2(20) NOT NULL,
  START_DATE DATE,
  END_DATE DATE,
  SALE_INFO CLOB,
  SALE_PIC BLOB,
  CONSTRAINT SALE_PK PRIMARY KEY (SALE_ID),
  CONSTRAINT SALE_FK FOREIGN KEY (SALE_TYPE_ID) REFERENCES SALE_TYPE (SALE_TYPE_ID));

CREATE SEQUENCE sale_seq
  INCREMENT BY 1
  START WITH 1
  NOMAXVALUE
  NOCACHE
  NOCYCLE;

INSERT INTO SALE (SALE_ID, SALE_TYPE_ID, SALE_NAME, START_DATE, END_DATE, SALE_INFO, SALE_PIC) VALUES ('S'||LPAD(to_char(sale_seq.NEXTVAL), 6, '0'), 'ST000001', '夏季大特賣',TO_DATE('2019-02-10','YYYY-MM-DD'), TO_DATE('2019-03-17','YYYY-MM-DD'), NULL,NULL);



------------------------------------------------
-- for Table SALE_DETAIL
------------------------------------------------
CREATE TABLE SALE_DETAIL(
  PROD_ID VARCHAR2(20) NOT NULL,
  SALE_ID VARCHAR2(20) NOT NULL,
  PROMT_PRICE NUMBER(10) NOT NULL,
  CONSTRAINT SALE_DETAIL_PK PRIMARY KEY (PROD_ID, SALE_ID),
  CONSTRAINT SALE_DETAIL_FK1 FOREIGN KEY (PROD_ID) REFERENCES PRODUCT (PROD_ID),
  CONSTRAINT SALE_DETAIL_FK2 FOREIGN KEY (SALE_ID) REFERENCES SALE (SALE_ID));

INSERT INTO SALE_DETAIL (PROD_ID, SALE_ID, PROMT_PRICE) VALUES ('P000003', 'S000001', (SELECT PROD_PRICE FROM PRODUCT WHERE PROD_ID = 'P000003')*0.8);
INSERT INTO SALE_DETAIL (PROD_ID, SALE_ID, PROMT_PRICE) VALUES ('P000005', 'S000001', (SELECT PROD_PRICE FROM PRODUCT WHERE PROD_ID = 'P000005')*0.8);
------------------------------------------------
-- for Table POINT_REC
------------------------------------------------
CREATE TABLE POINT_REC(
  REC_ID VARCHAR2(20) NOT NULL,
  MEM_ID VARCHAR2(20) NOT NULL,
  AMOUNT NUMBER(20) NOT NULL,
  REC_DATE TIMESTAMP NOT NULL,
  CONSTRAINT POINT_REC_PK PRIMARY KEY (REC_ID),
  CONSTRAINT POINT_REC_FK FOREIGN KEY (MEM_ID) REFERENCES MEM (MEM_ID));

CREATE SEQUENCE point_rec_seq
  INCREMENT BY 1
  START WITH 1
  NOMAXVALUE
  NOCACHE
  NOCYCLE;

INSERT INTO POINT_REC (REC_ID, MEM_ID, AMOUNT, REC_DATE) VALUES ('PR'||LPAD(to_char(point_rec_seq.NEXTVAL), 6, '0'), 'M000001', 5000, current_timestamp);
INSERT INTO POINT_REC (REC_ID, MEM_ID, AMOUNT, REC_DATE) VALUES ('PR'||LPAD(to_char(point_rec_seq.NEXTVAL), 6, '0'), 'M000002', 6000, current_timestamp);
INSERT INTO POINT_REC (REC_ID, MEM_ID, AMOUNT, REC_DATE) VALUES ('PR'||LPAD(to_char(point_rec_seq.NEXTVAL), 6, '0'), 'M000003', 7000, current_timestamp);
INSERT INTO POINT_REC (REC_ID, MEM_ID, AMOUNT, REC_DATE) VALUES ('PR'||LPAD(to_char(point_rec_seq.NEXTVAL), 6, '0'), 'M000004', 8000, current_timestamp);
INSERT INTO POINT_REC (REC_ID, MEM_ID, AMOUNT, REC_DATE) VALUES ('PR'||LPAD(to_char(point_rec_seq.NEXTVAL), 6, '0'), 'M000005', 9000, current_timestamp);
INSERT INTO POINT_REC (REC_ID, MEM_ID, AMOUNT, REC_DATE) VALUES ('PR'||LPAD(to_char(point_rec_seq.NEXTVAL), 6, '0'), 'M000006', 10000, current_timestamp);
--------------------------------------------------------   
-- for Table FRIEND
--------------------------------------------------------

CREATE TABLE FRIEND ( 
  MEM_ID          VARCHAR2(20) NOT NULL,
  FRIEND_MEM_ID   VARCHAR2(20) NOT NULL,
  RELATION_STATUS NUMBER(1) NOT NULL,
  FRIEND_INTIMATE NUMBER(10),
  CONSTRAINT FRIEND_FK1 FOREIGN KEY (MEM_ID) REFERENCES MEM (MEM_ID),
  CONSTRAINT FRIEND_FK2 FOREIGN KEY (FRIEND_MEM_ID) REFERENCES MEM (MEM_ID),
  CONSTRAINT FRIEND_PK PRIMARY KEY(MEM_ID, FRIEND_MEM_ID)  
);  
Insert into FRIEND 
  (MEM_ID,FRIEND_MEM_ID,RELATION_STATUS,FRIEND_INTIMATE)
  values
  ('M000001','M000002',1,10);

Insert into FRIEND 
  (MEM_ID,FRIEND_MEM_ID,RELATION_STATUS,FRIEND_INTIMATE)
  values
  ('M000002','M000001',1,10);
  
Insert into FRIEND 
  (MEM_ID,FRIEND_MEM_ID,RELATION_STATUS,FRIEND_INTIMATE)
  values
  ('M000001','M000003',1,10);
  
Insert into FRIEND 
  (MEM_ID,FRIEND_MEM_ID,RELATION_STATUS,FRIEND_INTIMATE)
  values
  ('M000001','M000004',1,10);

Insert into FRIEND 
  (MEM_ID,FRIEND_MEM_ID,RELATION_STATUS,FRIEND_INTIMATE)
  values
  ('M000004','M000001',1,10);
  
Insert into FRIEND 
  (MEM_ID,FRIEND_MEM_ID,RELATION_STATUS,FRIEND_INTIMATE)
  values
  ('M000003','M000001',1,10);
  
Insert into FRIEND 
  (MEM_ID,FRIEND_MEM_ID,RELATION_STATUS,FRIEND_INTIMATE)
  values
  ('M000002','M000003',1,10);
  
Insert into FRIEND 
  (MEM_ID,FRIEND_MEM_ID,RELATION_STATUS,FRIEND_INTIMATE)
  values
  ('M000003','M000002',1,10);


--------------------------------------------------------------------------
CREATE TABLE CLUB(
    CLUB_ID VARCHAR2(20) NOT NULL,
    MEM_ID VARCHAR2(20) NOT NULL,
    CLUB_NAME VARCHAR2(2000) NOT NULL,
    CLUB_INFO VARCHAR2(1000),
    CLUB_STATUS NUMBER(10,0) NOT NULL,
    CONSTRAINT CLUB_PK PRIMARY KEY (CLUB_ID),
    CONSTRAINT CLUB_FK FOREIGN KEY (MEM_ID) REFERENCES MEM (MEM_ID));
 
CREATE SEQUENCE club_seq
INCREMENT BY 1
START WITH 1
NOMAXVALUE
NOCYCLE
NOCACHE;

Insert into CLUB (CLUB_ID,MEM_ID,CLUB_NAME,CLUB_INFO,CLUB_STATUS) values ('C'||LPAD(to_char(club_seq.NEXTVAL), 6, '0'), 'M000001', '公主連結R蘭德索爾騎士公會-官方社團','公會簡介
各位騎士們好，
這裡是超異域公主連結☆Re:Dive繁中版官方社團。加入公會與貪吃佩可及夥伴們一起分享旅程的點點滴滴，然後吃更多的飯糰！！

入會須知
1.申請加入視同同意社團管理規定，違規可是會受罰的
2.申請送出後請稍後，貪吃佩可會在確認審核
',1);



CREATE TABLE CLUB_MEM(
    CLUB_ID         VARCHAR2(20) NOT NULL,
    MEM_ID          VARCHAR2(20) NOT NULL,
    CLUB_STATUS     NUMBER(10,0) NOT NULL,
    CONSTRAINT CLUB_MEM_FK FOREIGN KEY (CLUB_ID) REFERENCES CLUB(CLUB_ID),
    CONSTRAINT CLUB_MEM2_FK FOREIGN KEY (MEM_ID) REFERENCES MEM(MEM_ID),
    CONSTRAINT CLUB_MEM_PK PRIMARY KEY (CLUB_ID,MEM_ID)
    );
INSERT INTO CLUB_MEM (CLUB_ID, MEM_ID, CLUB_STATUS) VALUES ('C000001', 'M000004', 1);
INSERT INTO CLUB_MEM (CLUB_ID, MEM_ID, CLUB_STATUS) VALUES ('C000001', 'M000003', 1);



CREATE TABLE CLUB_POST(
    POST_ID VARCHAR2(20) NOT NULL,
    CLUB_ID VARCHAR2(20) NOT NULL,
    MEM_ID VARCHAR2(20) NOT NULL,
    CLUB_CONTENT CLOB,
    CLUB_TIME TIMESTAMP NOT NULL,
    CLUB_LIKE NUMBER(10) NOT NULL,
    CONSTRAINT CLUB_POST_FK FOREIGN KEY (CLUB_ID, MEM_ID) REFERENCES CLUB_MEM(CLUB_ID, MEM_ID),
    CONSTRAINT CLUB_POST_PK PRIMARY KEY (POST_ID));

    
CREATE SEQUENCE CLUB_POST_seq
INCREMENT BY 1
START WITH 1
NOMAXVALUE
NOCYCLE
NOCACHE;

INSERT INTO CLUB_POST (POST_ID,CLUB_ID,MEM_ID,CLUB_CONTENT,CLUB_TIME,CLUB_LIKE) values ('CP'||LPAD(to_char(CLUB_POST_seq.NEXTVAL), 6, '0'),'C000001','M000004','??',CURRENT_TIMESTAMP,0);
INSERT INTO CLUB_POST (POST_ID,CLUB_ID,MEM_ID,CLUB_CONTENT,CLUB_TIME,CLUB_LIKE) values ('CP'||LPAD(to_char(CLUB_POST_seq.NEXTVAL), 6, '0'),'C000001','M000003','??',CURRENT_TIMESTAMP,0);

CREATE TABLE CLUB_POST_MESSAGE(
    MSG_ID VARCHAR2(20) NOT NULL,
    CLUB_ID VARCHAR2(20) NOT NULL,
    MEM_ID VARCHAR2(20) NOT NULL,
    POST_ID VARCHAR2(20) NOT NULL,
    MSG_CONTENT CLOB NOT NULL,
    MSG_TIME TIMESTAMP NOT NULL,
    CONSTRAINT CLUB_POST_MESSAGE_FK FOREIGN KEY (CLUB_ID, MEM_ID) REFERENCES CLUB_MEM(CLUB_ID, MEM_ID),
    CONSTRAINT CLUB_POST_MESSAGE2_FK FOREIGN KEY (POST_ID) REFERENCES CLUB_POST(POST_ID),
    CONSTRAINT CLUB_POST_MESSAGE_PK PRIMARY KEY (MSG_ID));
    
CREATE SEQUENCE CLUB_POST_MESSAGE_seq
INCREMENT BY 1
START WITH 1
NOMAXVALUE
NOCYCLE
NOCACHE;

INSERT INTO CLUB_POST_MESSAGE (MSG_ID,CLUB_ID,MEM_ID,POST_ID,MSG_TIME,MSG_CONTENT) values ('CPM'||LPAD(to_char(CLUB_POST_seq.NEXTVAL), 6, '0'),'C000001','M000004','CP000001',CURRENT_TIMESTAMP,'?????');
INSERT INTO CLUB_POST_MESSAGE (MSG_ID,CLUB_ID,MEM_ID,POST_ID,MSG_TIME,MSG_CONTENT) values ('CPM'||LPAD(to_char(CLUB_POST_seq.NEXTVAL), 6, '0'),'C000001','M000003','CP000002',CURRENT_TIMESTAMP,'?????');
----------------------------------------------------------------------------------------------------------------
CREATE TABLE CLUB_REP(
    REP_ID VARCHAR2(20) NOT NULL,
    CLUB_ID VARCHAR2(20) NOT NULL,
    MEM_ID VARCHAR2(20) NOT NULL,
    REP_CONTENT CLOB NOT NULL,
    REP_TIME TIMESTAMP NOT NULL,
    REP_STATUS NUMBER(10,0) NOT NULL,
    CONSTRAINT CLUB_REP_FK FOREIGN KEY (CLUB_ID) REFERENCES CLUB(CLUB_ID),
    CONSTRAINT CLUB_REP2_FK FOREIGN KEY (MEM_ID) REFERENCES MEM(MEM_ID),
    CONSTRAINT CLUB_REP_PK PRIMARY KEY (REP_ID));

CREATE SEQUENCE CLUB_REP_seq
INCREMENT BY 1
START WITH 1
NOMAXVALUE
NOCYCLE
NOCACHE;

INSERT INTO CLUB_REP (REP_ID,CLUB_ID,MEM_ID,REP_STATUS,REP_TIME,REP_CONTENT) values ('CR'||LPAD(to_char(CLUB_REP_seq.NEXTVAL), 6, '0'),'C000001','M000004','1',CURRENT_TIMESTAMP,'太色了');
INSERT INTO CLUB_REP (REP_ID,CLUB_ID,MEM_ID,REP_STATUS,REP_TIME,REP_CONTENT) values ('CR'||LPAD(to_char(CLUB_REP_seq.NEXTVAL), 6, '0'),'C000001','M000003','1',CURRENT_TIMESTAMP,'太色色了');

CREATE TABLE CHAT(
    CHAT_ID VARCHAR2(20) NOT NULL,
    SEND_ID VARCHAR2(20) NOT NULL,
    RECV_ID VARCHAR2(20) NOT NULL,
    CHAT_CONTENT CLOB NOT NULL,
    CHAT_TIME TIMESTAMP NOT NULL,
    CONSTRAINT CHAT_FK FOREIGN KEY (SEND_ID,RECV_ID) REFERENCES FRIEND(MEM_ID,FRIEND_MEM_ID),
    CONSTRAINT CHAT_PK PRIMARY KEY (CHAT_ID));

CREATE SEQUENCE CHAT_seq
INCREMENT BY 1
START WITH 1
NOMAXVALUE
NOCYCLE
NOCACHE;

INSERT INTO CHAT (CHAT_ID,SEND_ID,RECV_ID,CHAT_TIME,CHAT_CONTENT) values ('CH'||LPAD(to_char(CHAT_seq.NEXTVAL), 6, '0'),'M000001','M000002',CURRENT_TIMESTAMP,'太神了');
INSERT INTO CHAT (CHAT_ID,SEND_ID,RECV_ID,CHAT_TIME,CHAT_CONTENT) values ('CH'||LPAD(to_char(CHAT_seq.NEXTVAL), 6, '0'),'M000001','M000003',CURRENT_TIMESTAMP,'太神神了');

--------------------------------------------------------   
-- for Table INFORM
--------------------------------------------------------
CREATE TABLE INFORM(
  INFORM_ID      VARCHAR2(20) NOT NULL,
  INFORM_STATUS  NUMBER(10) NOT NULL,
  MEM_ID         VARCHAR2(20) NOT NULL,
  INFORM_CONTENT VARCHAR2(200 char),
  INFORM_TIME    TIMESTAMP,
  CONSTRAINT INFORM_FK FOREIGN KEY (MEM_ID) REFERENCES MEM (MEM_ID),
  CONSTRAINT INFORM_PK PRIMARY KEY (INFORM_ID)  
);

CREATE SEQUENCE inform_seq
INCREMENT BY 1
START WITH 1
NOMAXVALUE
NOCYCLE
NOCACHE;

Insert into INFORM
  (INFORM_ID,INFORM_STATUS,MEM_ID)
  values
  ('INF'||LPAD(to_char(inform_seq.NEXTVAL), 6, '0'),1,'M000001');

Insert into INFORM
  (INFORM_ID,INFORM_STATUS,MEM_ID)
  values
  ('INF'||LPAD(to_char(inform_seq.NEXTVAL), 6, '0'),0,'M000002');

Insert into INFORM
  (INFORM_ID,INFORM_STATUS,MEM_ID)
  values
  ('INF'||LPAD(to_char(inform_seq.NEXTVAL), 6, '0'),1,'M000003');

Insert into INFORM
  (INFORM_ID,INFORM_STATUS,MEM_ID)
  values
  ('INF'||LPAD(to_char(inform_seq.NEXTVAL), 6, '0'),1,'M000004');
  
Insert into INFORM
  (INFORM_ID,INFORM_STATUS,MEM_ID)
  values
  ('INF'||LPAD(to_char(inform_seq.NEXTVAL), 6, '0'),2,'M000002');
  

--------------------------------------------------------   
-- for Table GIFTBOX
--------------------------------------------------------
CREATE TABLE GIFTBOX(
  MEM_ID  VARCHAR2(20) NOT NULL,
  PROD_ID VARCHAR2(20) NOT NULL,
  GIFT_QUANTITY NUMBER(20),
  CONSTRAINT GIFTBOX_FK1 FOREIGN KEY (MEM_ID) REFERENCES MEM (MEM_ID),
  CONSTRAINT GIFTBOX_FK2 FOREIGN KEY (PROD_ID) REFERENCES PRODUCT (PROD_ID),
  CONSTRAINT GIFTBOX_PK PRIMARY KEY (MEM_ID, PROD_ID)  
);

INSERT INTO GIFTBOX (MEM_ID, PROD_ID, GIFT_QUANTITY)
  VALUES ('M000001', 'P000002', 10);
  
INSERT INTO GIFTBOX (MEM_ID, PROD_ID, GIFT_QUANTITY)
  VALUES ('M000001', 'P000003', 5);
  
INSERT INTO GIFTBOX (MEM_ID, PROD_ID, GIFT_QUANTITY)
  VALUES ('M000001', 'P000005', 9);
  
INSERT INTO GIFTBOX (MEM_ID, PROD_ID, GIFT_QUANTITY)
  VALUES ('M000002', 'P000004', 6);

INSERT INTO GIFTBOX (MEM_ID, PROD_ID, GIFT_QUANTITY)
  VALUES ('M000002', 'P000005', 6);
  
INSERT INTO GIFTBOX (MEM_ID, PROD_ID, GIFT_QUANTITY)
  VALUES ('M000003', 'P000001', 5);

INSERT INTO GIFTBOX (MEM_ID, PROD_ID, GIFT_QUANTITY)
  VALUES ('M000003', 'P000005', 5);

INSERT INTO GIFTBOX (MEM_ID, PROD_ID, GIFT_QUANTITY)
  VALUES ('M000004', 'P000004', 20);
  
INSERT INTO GIFTBOX (MEM_ID, PROD_ID, GIFT_QUANTITY)
  VALUES ('M000004', 'P000001', 5);

INSERT INTO GIFTBOX (MEM_ID, PROD_ID, GIFT_QUANTITY)
  VALUES ('M000006', 'P000004', 5);

INSERT INTO GIFTBOX (MEM_ID, PROD_ID, GIFT_QUANTITY)
  VALUES ('M000006', 'P000003', 5);
   
--------------------------------------------------------   
-- for Table GIFT
-------------------------------------------------------- 
CREATE TABLE GIFT(
  GIFT_REC_ID   VARCHAR2(20) NOT NULL,
  RECV_ID       VARCHAR2(20) NOT NULL,
  SEND_ID       VARCHAR2(20) NOT NULL,
  PROD_ID       VARCHAR2(20) NOT NULL,
  GIFT_QUANTITY NUMBER(20),
  CONSTRAINT GIFT_FK1 FOREIGN KEY (RECV_ID) REFERENCES MEM (MEM_ID),
  CONSTRAINT GIFT_FK2 FOREIGN KEY (SEND_ID) REFERENCES MEM (MEM_ID),
  CONSTRAINT GIFT_FK3 FOREIGN KEY (PROD_ID) REFERENCES PRODUCT (PROD_ID),
  CONSTRAINT GIFT_PK PRIMARY KEY (GIFT_REC_ID)
); 

CREATE SEQUENCE gift_rec_seq
INCREMENT BY 1
START WITH 1
NOMAXVALUE
NOCYCLE
NOCACHE;

INSERT INTO GIFT (GIFT_REC_ID, RECV_ID, SEND_ID, PROD_ID, GIFT_QUANTITY) VALUES 
('GR'||LPAD(to_char(gift_rec_seq.NEXTVAL), 6, '0'), 'M000003', 'M000001', 'P000001', 10);

INSERT INTO GIFT (GIFT_REC_ID, RECV_ID, SEND_ID, PROD_ID, GIFT_QUANTITY) VALUES 
('GR'||LPAD(to_char(gift_rec_seq.NEXTVAL), 6, '0'), 'M000003', 'M000001', 'P000004', 3);

INSERT INTO GIFT (GIFT_REC_ID, RECV_ID, SEND_ID, PROD_ID, GIFT_QUANTITY) VALUES 
('GR'||LPAD(to_char(gift_rec_seq.NEXTVAL), 6, '0'), 'M000003', 'M000002', 'P000002', 4);

INSERT INTO GIFT (GIFT_REC_ID, RECV_ID, SEND_ID, PROD_ID, GIFT_QUANTITY) VALUES 
('GR'||LPAD(to_char(gift_rec_seq.NEXTVAL), 6, '0'), 'M000003', 'M000002', 'P000003', 4);

INSERT INTO GIFT (GIFT_REC_ID, RECV_ID, SEND_ID, PROD_ID, GIFT_QUANTITY) VALUES 
('GR'||LPAD(to_char(gift_rec_seq.NEXTVAL), 6, '0'), 'M000003', 'M000002', 'P000005', 10);

INSERT INTO GIFT (GIFT_REC_ID, RECV_ID, SEND_ID, PROD_ID, GIFT_QUANTITY) VALUES 
('GR'||LPAD(to_char(gift_rec_seq.NEXTVAL), 6, '0'), 'M000004', 'M000001', 'P000001', 10);

INSERT INTO GIFT (GIFT_REC_ID, RECV_ID, SEND_ID, PROD_ID, GIFT_QUANTITY) VALUES 
('GR'||LPAD(to_char(gift_rec_seq.NEXTVAL), 6, '0'), 'M000005', 'M000001', 'P000001', 10);

INSERT INTO GIFT (GIFT_REC_ID, RECV_ID, SEND_ID, PROD_ID, GIFT_QUANTITY) VALUES 
('GR'||LPAD(to_char(gift_rec_seq.NEXTVAL), 6, '0'), 'M000006', 'M000001', 'P000001', 10);

INSERT INTO GIFT (GIFT_REC_ID, RECV_ID, SEND_ID, PROD_ID, GIFT_QUANTITY) VALUES 
('GR'||LPAD(to_char(gift_rec_seq.NEXTVAL), 6, '0'), 'M000004', 'M000002', 'P000001', 10);

INSERT INTO GIFT (GIFT_REC_ID, RECV_ID, SEND_ID, PROD_ID, GIFT_QUANTITY) VALUES 
('GR'||LPAD(to_char(gift_rec_seq.NEXTVAL), 6, '0'), 'M000005', 'M000002', 'P000001', 10);

INSERT INTO GIFT (GIFT_REC_ID, RECV_ID, SEND_ID, PROD_ID, GIFT_QUANTITY) VALUES 
('GR'||LPAD(to_char(gift_rec_seq.NEXTVAL), 6, '0'), 'M000006', 'M000002', 'P000001', 10);

--------------------------------------------------------   
-- for Table EMPLOYEE
--------------------------------------------------------
CREATE TABLE EMP(
  EMP_ID       VARCHAR2(20) NOT NULL,
  EMP_PW       VARCHAR2(20) NOT NULL,
  EMP_NAME     VARCHAR2(20 char) NOT NULL,
  EMP_BDAY     DATE NOT NULL,
  EMP_EMAIL    VARCHAR2(30) NOT NULL,
  EMP_PHO      VARCHAR2(20) NOT NULL,
  EMP_GEND     VARCHAR2(10 char) NOT NULL,
  EMP_PIC      BLOB,
  EMP_STATE    NUMBER(1) NOT NULL,
  EMP_HDAY     DATE  NOT NULL,
  EMP_ADDRESS  VARCHAR2(100 char) NOT NULL,
  CONSTRAINT EMPLOYEE_PK PRIMARY KEY (EMP_ID)
); 
CREATE SEQUENCE emp_seq
INCREMENT BY 1
START WITH 1
NOMAXVALUE
NOCYCLE
NOCACHE;
--------------------------------------------------------   
-- for Table AUTH
--------------------------------------------------------
CREATE TABLE AUTH(
  AUTH_ID    VARCHAR2(20) NOT NULL,
  AUTH_NAME  VARCHAR2(20 char),
  CONSTRAINT AUTH_PK PRIMARY KEY(AUTH_ID)
);   
CREATE SEQUENCE auth_seq
INCREMENT BY 10
START WITH 10
NOMAXVALUE
NOCYCLE
NOCACHE;
--------------------------------------------------------   
-- for Table EMP_AUTH
--------------------------------------------------------
CREATE TABLE EMP_AUTH(
  EMP_ID     VARCHAR2(20) NOT NULL,
  AUTH_ID    VARCHAR2(20) NOT NULL,
  CONSTRAINT EMP_AUTH_PK PRIMARY KEY(EMP_ID, AUTH_ID),
  CONSTRAINT EMP_AUTH_FK1 FOREIGN KEY (EMP_ID)  REFERENCES EMP (EMP_ID),
  CONSTRAINT EMP_AUTH_FK2 FOREIGN KEY (AUTH_ID) REFERENCES AUTH (AUTH_ID)
);

--------------------------------------------------------   
-- for INSERT EMP, EMP_AUTH, AUTH data
--------------------------------------------------------
INSERT INTO EMP
  (EMP_ID, EMP_PW, EMP_NAME, EMP_BDAY, EMP_EMAIL,
   EMP_PHO, EMP_GEND, EMP_PIC, EMP_STATE, EMP_HDAY, EMP_ADDRESS)
VALUES
  ('E'||LPAD(to_char(emp_seq.NEXTVAL), 6, '0'), '1234', '毛雲龍', TO_DATE('1952-05-21','YYYY-MM-DD'),'superjungle007@gmail.com',
   '0988500808', '男性', null, 1, TO_DATE('2005-03-24','YYYY-MM-DD'), '臺北市北投區新市街30號4樓');

INSERT INTO EMP
  (EMP_ID, EMP_PW, EMP_NAME, EMP_BDAY, EMP_EMAIL,
   EMP_PHO, EMP_GEND, EMP_PIC, EMP_STATE, EMP_HDAY, EMP_ADDRESS)
VALUES
  ('E'||LPAD(to_char(emp_seq.NEXTVAL), 6, '0'), '1234', '戴君威', TO_DATE('1974-10-10','YYYY-MM-DD'),'john_ya2005@yahoo.com.tw',
   '0977666555', '男性', null, 1, TO_DATE('2009-06-14','YYYY-MM-DD'), '桃園市平鎮區文化街218號'); 

INSERT INTO EMP
  (EMP_ID, EMP_PW, EMP_NAME, EMP_BDAY, EMP_EMAIL,
   EMP_PHO, EMP_GEND, EMP_PIC, EMP_STATE, EMP_HDAY, EMP_ADDRESS)
VALUES
  ('E'||LPAD(to_char(emp_seq.NEXTVAL), 6, '0'), '1234', '王佩蓮', TO_DATE('1970-01-14','YYYY-MM-DD'),'kpac3748@gmail.com',
   '0983676777', '女性', null, 1, TO_DATE('2013-03-24','YYYY-MM-DD'), '新北市蘆洲區三民路95號');   
   
INSERT INTO EMP
  (EMP_ID, EMP_PW, EMP_NAME, EMP_BDAY, EMP_EMAIL,
   EMP_PHO, EMP_GEND, EMP_PIC, EMP_STATE, EMP_HDAY, EMP_ADDRESS)
VALUES
  ('E'||LPAD(to_char(emp_seq.NEXTVAL), 6, '0'), '1234', '唐林錦', TO_DATE('1972-03-27','YYYY-MM-DD'),'cedriclolz711@gmail.com',
   '0988561388', '女性', null, 1, TO_DATE('2016-08-24','YYYY-MM-DD'), '新北市板橋區中山路1段161號');
   
INSERT INTO EMP
  (EMP_ID, EMP_PW, EMP_NAME, EMP_BDAY, EMP_EMAIL,
   EMP_PHO, EMP_GEND, EMP_PIC, EMP_STATE, EMP_HDAY, EMP_ADDRESS)
VALUES
  ('E'||LPAD(to_char(emp_seq.NEXTVAL), 6, '0'), '1234', '江欣穎', TO_DATE('1990-09-27','YYYY-MM-DD'),'smoke13iphone@gmail.com',
   '0979290290', '女性', null, 1, TO_DATE('2014-11-24','YYYY-MM-DD'), '臺北市中山區松江路367號');
   
INSERT INTO EMP
  (EMP_ID, EMP_PW, EMP_NAME, EMP_BDAY, EMP_EMAIL,
   EMP_PHO, EMP_GEND, EMP_PIC, EMP_STATE, EMP_HDAY, EMP_ADDRESS)
VALUES
  ('E'||LPAD(to_char(emp_seq.NEXTVAL), 6, '0'), '1234', '陳新語', TO_DATE('1977-02-27','YYYY-MM-DD'),'xqqq1711@gmail.com',
   '0988561576', '女性', null, 1, TO_DATE('2016-05-14','YYYY-MM-DD'), '臺北市松山區八德路4段692號7-11樓');   
   
INSERT INTO EMP
  (EMP_ID, EMP_PW, EMP_NAME, EMP_BDAY, EMP_EMAIL,
   EMP_PHO, EMP_GEND, EMP_PIC, EMP_STATE, EMP_HDAY, EMP_ADDRESS)
VALUES
  ('E'||LPAD(to_char(emp_seq.NEXTVAL), 6, '0'), '1234', '陳彥麟', TO_DATE('1988-07-02','YYYY-MM-DD'),'bill60702@gmail.com',
   '0972130826', '男性', null, 1, TO_DATE('2016-08-24','YYYY-MM-DD'), '桃園市八德區介壽路2段361巷28號');

INSERT INTO EMP
  (EMP_ID, EMP_PW, EMP_NAME, EMP_BDAY, EMP_EMAIL,
   EMP_PHO, EMP_GEND, EMP_PIC, EMP_STATE, EMP_HDAY, EMP_ADDRESS)
VALUES
  ('E'||LPAD(to_char(emp_seq.NEXTVAL), 6, '0'), '1234', '黃伯軒', TO_DATE('1990-04-26','YYYY-MM-DD'),'kiraholic@yahoo.com.tw',
   '0970697776', '男性', null, 1, TO_DATE('1994-06-14','YYYY-MM-DD'), '新北市板橋區中山路1段161號14樓');

INSERT INTO EMP
  (EMP_ID, EMP_PW, EMP_NAME, EMP_BDAY, EMP_EMAIL,
   EMP_PHO, EMP_GEND, EMP_PIC, EMP_STATE, EMP_HDAY, EMP_ADDRESS)
VALUES
  ('E'||LPAD(to_char(emp_seq.NEXTVAL), 6, '0'), '1234', '周昌松', TO_DATE('1994-01-30','YYYY-MM-DD'),'ycl6025@gmail.com',
   '0913245245', '男性', null, 1, TO_DATE('2017-02-20','YYYY-MM-DD'), '臺北市內湖區民權東路6段99號4樓'); 

INSERT INTO EMP
  (EMP_ID, EMP_PW, EMP_NAME, EMP_BDAY, EMP_EMAIL,
   EMP_PHO, EMP_GEND, EMP_PIC, EMP_STATE, EMP_HDAY, EMP_ADDRESS)
VALUES
  ('E'||LPAD(to_char(emp_seq.NEXTVAL), 6, '0'), '1234', '黃博君', TO_DATE('1997-01-09','YYYY-MM-DD'),'lanlan9977@gmail.com',
   '0934712712', '女性', null, 1, TO_DATE('2018-11-20','YYYY-MM-DD'), '臺北市大安區新生南路2段86號8樓'); 
   
INSERT INTO AUTH(AUTH_ID, AUTH_NAME) VALUES('AUTH'||LPAD(to_char(auth_seq.NEXTVAL), 5, '0'), '會員帳號管理');
INSERT INTO AUTH(AUTH_ID, AUTH_NAME) VALUES('AUTH'||LPAD(to_char(auth_seq.NEXTVAL), 5, '0'), '商品管理');
INSERT INTO AUTH(AUTH_ID, AUTH_NAME) VALUES('AUTH'||LPAD(to_char(auth_seq.NEXTVAL), 5, '0'), '訂單管理');
INSERT INTO AUTH(AUTH_ID, AUTH_NAME) VALUES('AUTH'||LPAD(to_char(auth_seq.NEXTVAL), 5, '0'), '聯誼檢舉管理');
INSERT INTO AUTH(AUTH_ID, AUTH_NAME) VALUES('AUTH'||LPAD(to_char(auth_seq.NEXTVAL), 5, '0'), '員工資料管理');
INSERT INTO AUTH(AUTH_ID, AUTH_NAME) VALUES('AUTH'||LPAD(to_char(auth_seq.NEXTVAL), 5, '0'), '直播主管理');
INSERT INTO AUTH(AUTH_ID, AUTH_NAME) VALUES('AUTH'||LPAD(to_char(auth_seq.NEXTVAL), 5, '0'), '貼圖管理');

INSERT INTO EMP_AUTH(EMP_ID, AUTH_ID) VALUES( 'E000001', 'AUTH00010');
INSERT INTO EMP_AUTH(EMP_ID, AUTH_ID) VALUES( 'E000001', 'AUTH00020');
INSERT INTO EMP_AUTH(EMP_ID, AUTH_ID) VALUES( 'E000001', 'AUTH00030');
INSERT INTO EMP_AUTH(EMP_ID, AUTH_ID) VALUES( 'E000001', 'AUTH00040');
INSERT INTO EMP_AUTH(EMP_ID, AUTH_ID) VALUES( 'E000001', 'AUTH00050');
INSERT INTO EMP_AUTH(EMP_ID, AUTH_ID) VALUES( 'E000001', 'AUTH00060');
INSERT INTO EMP_AUTH(EMP_ID, AUTH_ID) VALUES( 'E000001', 'AUTH00070');
INSERT INTO EMP_AUTH(EMP_ID, AUTH_ID) VALUES( 'E000002', 'AUTH00010');
INSERT INTO EMP_AUTH(EMP_ID, AUTH_ID) VALUES( 'E000002', 'AUTH00020');
INSERT INTO EMP_AUTH(EMP_ID, AUTH_ID) VALUES( 'E000002', 'AUTH00030');
INSERT INTO EMP_AUTH(EMP_ID, AUTH_ID) VALUES( 'E000002', 'AUTH00040');
INSERT INTO EMP_AUTH(EMP_ID, AUTH_ID) VALUES( 'E000002', 'AUTH00050');
INSERT INTO EMP_AUTH(EMP_ID, AUTH_ID) VALUES( 'E000002', 'AUTH00060');
INSERT INTO EMP_AUTH(EMP_ID, AUTH_ID) VALUES( 'E000002', 'AUTH00070');
INSERT INTO EMP_AUTH(EMP_ID, AUTH_ID) VALUES( 'E000003', 'AUTH00030');
INSERT INTO EMP_AUTH(EMP_ID, AUTH_ID) VALUES( 'E000004', 'AUTH00030');
INSERT INTO EMP_AUTH(EMP_ID, AUTH_ID) VALUES( 'E000005', 'AUTH00040');
INSERT INTO EMP_AUTH(EMP_ID, AUTH_ID) VALUES( 'E000006', 'AUTH00050');
INSERT INTO EMP_AUTH(EMP_ID, AUTH_ID) VALUES( 'E000007', 'AUTH00050');
INSERT INTO EMP_AUTH(EMP_ID, AUTH_ID) VALUES( 'E000008', 'AUTH00050');
INSERT INTO EMP_AUTH(EMP_ID, AUTH_ID) VALUES( 'E000009', 'AUTH00050');
INSERT INTO EMP_AUTH(EMP_ID, AUTH_ID) VALUES( 'E000010', 'AUTH00050');

commit;